model_type,feature_set,augmentation,n_train_catalysts,n_val_catalysts,n_test_catalysts,seed,r2,mae,mse,condition,test_catalyst_0,test_catalyst_1,test_catalyst_2,test_catalyst_3,test_catalyst_4,test_catalyst_5,test_catalyst_6,test_catalyst_7,test_catalyst_8,test_catalyst_9,mae_test_catalyst_0,mae_test_catalyst_1,mae_test_catalyst_2,mae_test_catalyst_3,mae_test_catalyst_4,mae_test_catalyst_5,mae_test_catalyst_6,mae_test_catalyst_7,mae_test_catalyst_8,mae_test_catalyst_9
rf,base+atom_numbers+support,no,10,0,10,223,-0.3429277307904712,2.360257821892551,11.800908206765174,,Al2O3,Blank,Cu-Na2WO4/SiO2,Fe-Na2WO4/SiO2,La-Na2WO4/SiO2,Mn-Li2WO4/SiO2,Mn-WOx/SiO2,Mn-ZnMoO4/SiO2,Mo-Na2WO4/SiO2,TiO2,0.9039860047037102,1.196406686132492,4.166123757816311,2.387834389343613,2.830673640485691,1.425277731043415,3.356313097301381,2.915887051658743,2.8124860651909644,1.607589795249193
rf,base+atom_numbers+support,no,10,0,10,216,0.1103139449135415,2.1155924897583125,9.91661684270829,,BN,Mn-MgWO4/SiO2,Mn-Na2WO4/BEA,Mn-Na2WO4/CeO2,Mn-Na2WO4/MgO,Mn-WOx/SiO2,Nd-Na2WO4/SiO2,SiC,V-Na2WO4/SiO2,Y-Na2WO4/SiO2,2.0415768395686107,1.1808015573405508,1.717441297114665,2.8100073556253418,1.1906762087064169,2.8440816587052358,0.897047736024264,2.624103323065823,4.26952898889819,1.5806599325340296
rf,base+atom_numbers+support,no,10,0,10,224,0.402272141264132,2.082834997053693,8.551375930015801,,La-Na2WO4/SiO2,MgO,Mn-K2WO4/SiO2,Mn-Li2WO4/SiO2,Mn-Na2WO4/BEA,Mn-Na2WO4/SiC,Mn-WOx/SiO2,Ni-Na2WO4/SiO2,Pd-Na2WO4/SiO2,Zn-Na2WO4/SiO2,1.7484285453277404,1.2347853516987866,2.66413742194218,1.862286772564033,1.926069656319,3.219880027793891,1.2006839727750531,2.847909032172144,2.693152892671241,1.431016297272862
rf,base+atom_numbers+support,no,10,0,10,244,-0.1112807194525167,2.6287693130280325,12.516912407181891,,Al2O3,Co-Na2WO4/SiO2,Eu-Na2WO4/SiO2,Mn-Na/SiO2,Mn-Na2WO4/SiC,V-Na2WO4/SiO2,WOx/SiO2,ZSM-5,Zn-Na2WO4/SiO2,ZrO2,1.121442077039713,2.238388689520163,2.156906731542143,1.4502189168530617,3.5057813621768443,5.492998305685808,3.6969114457048105,3.007146580944317,1.807347765571796,1.81055125524167
rf,base+atom_numbers+support,no,10,0,10,222,0.0833340888614029,2.405350963860964,9.762451644767248,,BEA,Cu-Na2WO4/SiO2,Mn-CaWO4/SiO2,Mn-K2WO4/SiO2,Mn-Li2MoO4/SiO2,Mn-Na2MoO4/SiO2,Mn-Na2WO4/Al2O3,Mn-Na2WO4/BEA,Mn-Na2WO4/MgO,Y-Na2WO4/SiO2,1.08877242771836,3.037282812690993,3.933367656645177,2.4895827216454287,2.11993683336458,2.1343215063474776,2.3600775486807306,1.9339659127678088,1.584077990521661,3.372124228227418
rf,base+atom_numbers+support,no,10,0,10,235,0.2440154185164865,2.0466890661304173,7.978933310616217,,Mn-CaWO4/SiO2,Mn-Na2WO4/Al2O3,Mn-Na2WO4/MgO,Mn-Na2WO4/Nb2O5,Mn-Na2WO4/SiC,Mn-Na2WO4/SiCnf,Mn-SrWO4/SiO2,Mo-Na2WO4/SiO2,SiCnf,TiO2,3.752940319977526,2.3809901099975104,1.6134929169661814,2.4706607944189165,1.8313417739247917,1.4139594456470514,1.336607311644175,2.2283007086168785,1.9901044053773271,1.4484928747338102
rf,base+atom_numbers+support,no,10,0,10,245,0.2791925635049163,1.916058118032491,7.348079306279686,,BEA,Blank,Cu-Na2WO4/SiO2,Mn-FeMoO4/SiO2,Mn-Li2MoO4/SiO2,Mn-Na2WO4/SiC,Nb2O5,Tb-Na2WO4/SiO2,Y-Na2WO4/SiO2,Zn-Na2WO4/SiO2,0.8054081995075376,1.4085819653097142,2.088707050357672,2.076544128193468,2.225602791679823,3.55051220195316,1.1483511662596866,1.7336217559591214,2.745985145085878,1.37726677601885
rf,base+atom_numbers+support,no,10,0,10,227,0.3004828665656955,2.0880357529453364,9.320114944922018,,Al2O3,BEA,CeO2,Co-Na2WO4/SiO2,Cu-Na2WO4/SiO2,Mn-CaWO4/SiO2,Mn-Na2WO4/SiCnf,Na/SiO2,Ti-Na2WO4/SiO2,WOx/SiO2,1.0177865251027567,0.6500777438894924,1.3105398472507583,1.807552991101329,3.3707745551561032,4.030304147621412,1.2986688256268542,2.613940064296451,2.493716586268632,2.374646961698092
rf,base+atom_numbers+support,no,10,0,10,218,0.4126248471447584,1.8653214644178957,7.47638068387051,,BEA,Mn-FeMoO4/SiO2,Mn-MgWO4/SiO2,Mn-Na2WO4/BEA,Mn-Na2WO4/CeO2,Mn-Na2WO4/SiO2,Mn-ZnMoO4/SiO2,Mo-Na2WO4/SiO2,Tb-Na2WO4/SiO2,ZSM-5,1.230348620785975,0.9021467883636172,2.0340031605937536,1.79323699080088,2.701789518744381,3.271593058676638,1.8935939593725568,1.2780137135778422,1.768329295503931,1.7801595377593804
rf,base+atom_numbers+support,no,10,0,10,221,0.4909180874123114,1.8729284421998071,6.60417982642675,,Ce-Na2WO4/SiO2,CeO2,Mn-BaWO4/SiO2,Mn-K2WO4/SiO2,Mn-Na2WO4/SiCnf,Mn-ZnMoO4/SiO2,Ni-Na2WO4/SiO2,TiO2,ZSM-5,Zr-Na2WO4/SiO2,1.676864347728079,1.0275946475920203,3.270237852581364,1.693663301352237,1.3171875642488553,2.128563201633056,2.0840759488350296,1.4320336122729318,2.497573235850339,1.6014907099041584
rf,base+atom_numbers+support,no,10,0,10,241,-0.0146730672864905,2.1887539559754923,9.88965732866624,,CeO2,La-Na2WO4/SiO2,Mn-CaWO4/SiO2,Mn-Na2WO4/BEA,Mn-Na2WO4/SiC,Mn-ZnMoO4/SiO2,SiC,SiO2,Tb-Na2WO4/SiO2,ZSM-5,1.6650830858858003,1.2855463143108947,4.0215800640667325,2.201451602688465,3.813939597894102,2.0189796302689045,2.1116812142203933,1.896375205612765,1.244026181085253,1.6288766637216137
rf,base+atom_numbers+support,no,10,0,10,212,0.3533848382460209,2.288120828285307,8.841663115102053,,Ce-Na2WO4/SiO2,Eu-Na2WO4/SiO2,Mn-Na2MoO4/SiO2,Mn-Na2WO4/Al2O3,Mn-Na2WO4/SiO2,Mn-Na2WO4/TiO2,Mn-Na2WO4/ZrO2,SiC,Tb-Na2WO4/SiO2,WOx/SiO2,1.5610421796687215,1.883073386697035,2.352588411827296,2.9558193824530665,1.9178156515993665,1.9643255985260657,2.492082269627064,1.93816930526176,1.659962552640743,4.156329544551949
rf,base+atom_numbers+support,no,10,0,10,243,0.4251780017903916,2.1141638458418752,9.013068882034316,,Cu-Na2WO4/SiO2,Mn-K2MoO4/SiO2,Mn-Na2MoO4/SiO2,Mn-Na2WO4/Nb2O5,Mn-Na2WO4/SiO2,Mn-Na2WO4/ZSM-5,Mn-SrWO4/SiO2,Nd-Na2WO4/SiO2,Ni-Na2WO4/SiO2,Pd-Na2WO4/SiO2,2.232159930520715,2.407671150093057,2.5856505879547798,0.9206506914877448,3.446573410359884,2.7236677075548,1.3204640909460397,1.5238986650071316,1.7753048328227112,2.20559739167189
rf,base+atom_numbers+support,no,10,0,10,219,0.2112193438510555,1.976750307654864,6.224521258458958,,Blank,Mn-FeMoO4/SiO2,Mn-Li2MoO4/SiO2,Mn-Na2WO4/Al2O3,Mn-Na2WO4/BEA,Pd-Na2WO4/SiO2,SiC,SiCnf,WOx/SiO2,ZrO2,1.1989162810929357,2.401189964062339,2.087846279425367,1.143075789551642,2.2088206528496297,2.6057340375716342,2.195177406994908,1.7731534241603295,2.541453758590166,1.612135482249686
rf,base+atom_numbers+support,no,10,0,10,233,0.2883571742486663,2.46394013669317,11.19581639795426,,Blank,Ce-Na2WO4/SiO2,Mn-K2WO4/SiO2,Mn-MgWO4/SiO2,Mn-Na2WO4/CeO2,Mn-Na2WO4/SiCnf,Na/SiO2,Nb2O5,Pd-Na2WO4/SiO2,Y-Na2WO4/SiO2,1.5887152350889853,2.178040529777579,1.9346989588587853,1.6354522661045232,3.022270128851344,1.3441827076485755,3.184317012976016,1.806139681971835,3.648669501215092,4.416978157152776
rf,base+atom_numbers+support,no,10,0,10,229,0.6620583804920659,1.6363019910403385,5.094103378781493,,Blank,CeO2,Hf-Na2WO4/SiO2,La-Na2WO4/SiO2,Mn-K2WO4/SiO2,Mn-MgWO4/SiO2,Mn-Na2WO4/TiO2,Mn-SrWO4/SiO2,Ni-Na2WO4/SiO2,ZrO2,1.1812484198633155,1.3885484191284538,1.681598817680519,0.90125406203493,1.977366891968628,0.9966797574082294,2.6248725011048624,2.976993203670044,1.7888663639626836,0.8455914735817165
rf,base+atom_numbers+support,no,10,0,10,207,0.1666552631181609,1.84266923194751,7.312467586987252,,Al2O3,BEA,MgO,Mn-K2WO4/SiO2,Mn-Na2WO4/MgO,Mn-Na2WO4/Nb2O5,Mn-WOx/SiO2,Mn-ZnMoO4/SiO2,Na/SiO2,Tb-Na2WO4/SiO2,1.5191155721163754,1.1526805427314453,0.794382564660868,1.8396428846766844,2.591400993378357,3.613245600788057,1.9561284703325557,2.232591480502198,1.3388302052762056,1.3047008339004682
rf,base+atom_numbers+support,no,10,0,10,205,0.377491734092204,2.009606834890984,6.869704400741123,,La-Na2WO4/SiO2,Mn-K2WO4/SiO2,Mn-Na2WO4/BEA,Mn-WOx/SiO2,SiC,SiCnf,Y-Na2WO4/SiO2,ZSM-5,Zn-Na2WO4/SiO2,Zr-Na2WO4/SiO2,1.918060327214153,1.984093765998964,1.6283648844617662,2.735583797200515,1.7335240102216531,1.924415925523883,3.2207270284409266,1.752566844820636,1.7971931150799,1.4015386499474458
rf,base+atom_numbers+support,no,10,0,10,242,-0.4487523809599536,2.761708391372707,11.831602665163782,,Hf-Na2WO4/SiO2,Mn-Na2WO4/BN,Mn-Na2WO4/MgO,Mn-Na2WO4/Nb2O5,Mo-Na2WO4/SiO2,Pd-Na2WO4/SiO2,SiC,TiO2,WOx/SiO2,Zr-Na2WO4/SiO2,2.596901523368797,3.334929435444673,2.860600523583801,3.7906974253264543,2.691398327144123,2.054420061539924,3.2166718530511336,1.627656208305733,3.311376087361259,2.1324324686011757
rf,base+atom_numbers+support,no,10,0,10,215,-0.2628711252243461,2.3713368645848747,11.859429782746702,,Blank,La-Na2WO4/SiO2,MgO,Mn-CaWO4/SiO2,Mn-FeMoO4/SiO2,Mn-Li2MoO4/SiO2,Mn-MoOx/SiO2,Mn-Na2WO4/Al2O3,Mn-Na2WO4/BEA,Mn-Na2WO4/SiCnf,1.6247038861729834,2.0378171746232163,0.7451069469920514,4.823142851614692,1.9443778460364227,2.414248022673058,3.85673369047619,0.9569487095260704,1.8857753981743568,3.424514119559709
rf,base+atom_numbers+support,no,10,0,10,211,0.4478097897289312,1.6636714514204607,5.390710140717042,,BEA,BN,Blank,Ce-Na2WO4/SiO2,Hf-Na2WO4/SiO2,Mn-CaWO4/SiO2,Mn-FeMoO4/SiO2,Mn-K2MoO4/SiO2,Mn-Na2WO4/MgO,Mn-ZnMoO4/SiO2,0.9929638244856996,1.8770044278872948,1.2730690634626252,1.6106501199751897,1.654627817141339,2.939210216538679,1.2138047996873358,2.831785799760248,0.8290786072741924,1.4145198379920048
rf,base+atom_numbers+support,no,10,0,10,270,0.4228127644793664,1.905311856890389,6.95803596727239,,CeO2,Eu-Na2WO4/SiO2,Mn-Na2MoO4/SiO2,Mn-Na2WO4/CeO2,Mn-Na2WO4/MgO,Mn-Na2WO4/SiCnf,Mn-ZnMoO4/SiO2,SiCnf,Tb-Na2WO4/SiO2,ZrO2,1.648662155266214,2.286558089689783,2.3842402069506616,3.320006011611492,1.0172332081194997,1.880173812071776,1.992076787742064,1.6644243922065105,1.9830952226180671,0.876648682627821
rf,base+atom_numbers+support,no,10,0,10,239,0.5004525925410581,1.8495161089065248,7.333852595596293,,CeO2,Co-Na2WO4/SiO2,Mn-Li2WO4/SiO2,Mn-Na2WO4/BEA,Mn-Na2WO4/SiO2,Mn-Na2WO4/ZrO2,Mn-WOx/SiO2,Ni-Na2WO4/SiO2,SiC,Ti-Na2WO4/SiO2,1.027080952380951,1.8054850308641976,1.7041092592592582,2.175498677248677,2.183499360670193,2.5051474647266274,0.8790667989417995,2.1785622795414463,1.070210846560845,2.9665004188712527
rf,base+atom_numbers+support,no,10,0,10,260,0.493041682053783,2.0056058568194635,7.58998103581923,,Co-Na2WO4/SiO2,Eu-Na2WO4/SiO2,Mn-MgWO4/SiO2,Mn-Na2WO4/SiC,Mn-Na2WO4/SiO2,Nd-Na2WO4/SiO2,SiO2,Tb-Na2WO4/SiO2,Y-Na2WO4/SiO2,ZSM-5,2.2747070364585675,2.067575900619307,1.4978855271336555,2.123933078421342,2.4368441817724977,1.8687406402848104,1.8771574520726853,1.741247487629845,3.004407621219209,1.1635596425827128
rf,base+atom_numbers+support,no,10,0,10,259,0.4701496041369817,1.7618210367095244,6.087130490480176,,BEA,BN,Ce-Na2WO4/SiO2,Mn-CaWO4/SiO2,Mn-Na2WO4/SiCnf,Nb2O5,Ni-Na2WO4/SiO2,Tb-Na2WO4/SiO2,TiO2,Zr-Na2WO4/SiO2,0.774284376732578,1.6513970919606424,1.443299085802845,3.742930353181906,1.6468083038613883,1.1275181825387162,2.7062667680497103,1.6431206402420455,1.2923886906302042,1.5901968740952055
rf,base+atom_numbers+support,no,10,0,10,294,0.6094995729632213,1.6992601423856075,4.934119299112767,,BEA,Fe-Na2WO4/SiO2,Mn-Li2WO4/SiO2,Mn-Na2WO4/Al2O3,Mn-Na2WO4/SiCnf,Nd-Na2WO4/SiO2,Ni-Na2WO4/SiO2,SiC,Tb-Na2WO4/SiO2,Y-Na2WO4/SiO2,0.9926899504450304,2.030700812856911,2.1505387910963325,1.4220650564455464,2.3005576258261127,1.0651789782565648,1.7161008810582006,1.8919107781860145,1.192342681012254,2.230515868673108
rf,base+atom_numbers+support,no,10,0,10,231,0.1794388743892491,2.246160821275676,11.027429669087583,,CeO2,Mn-K2MoO4/SiO2,Mn-K2WO4/SiO2,Mn-Na2WO4/MgO,Mn-Na2WO4/TiO2,Mn-WOx/SiO2,Nd-Na2WO4/SiO2,TiO2,V-Na2WO4/SiO2,ZSM-5,1.0578827040173964,1.881135536366008,3.239131822417919,0.8775686389912634,2.779493195487823,2.7407138573164955,1.7520434362637294,1.04923856302391,5.828403881441347,1.2559965774308737
rf,base+atom_numbers+support,no,10,0,10,295,0.0939021917504684,2.2913476836564075,9.953180504693467,,Eu-Na2WO4/SiO2,MgO,Mn-K2MoO4/SiO2,Mn-Li2MoO4/SiO2,Mn-WOx/SiO2,Na2WO4/SiO2,Nb2O5,SiC,Y-Na2WO4/SiO2,ZrO2,1.5922824669398068,1.5887429025327422,1.3621597550369575,2.4698428042115768,2.209056125981306,5.874847445748173,1.1630298972599489,2.48879379633264,2.7174077523027296,1.44731389021819
rf,base+atom_numbers+support,no,10,0,10,297,0.0139179178132875,2.436800485080469,13.831922777522598,,BEA,Fe-Na2WO4/SiO2,Mn-K2MoO4/SiO2,Mn-Na2WO4/Al2O3,Mn-Na2WO4/BEA,Mn-Na2WO4/MgO,Mn-Na2WO4/Nb2O5,Mn-Na2WO4/ZSM-5,SiCnf,Ti-Na2WO4/SiO2,0.7348205227778544,2.447236869345381,4.058022281283531,1.3259030965954974,2.4557978801562927,1.5032213670317045,1.0736340185586015,4.29859570870414,1.6112640959720026,4.859509010379685
rf,base+atom_numbers+support,no,10,0,10,228,-0.0882867601262225,2.5897005543672518,13.757580629972775,,MgO,Mn-K2WO4/SiO2,Mn-MoOx/SiO2,Mn-WOx/SiO2,Na2WO4/SiO2,Nd-Na2WO4/SiO2,SiO2,Tb-Na2WO4/SiO2,ZSM-5,Zn-Na2WO4/SiO2,0.9322767131588976,1.8694214364294048,5.512665677295534,2.9983063962322927,5.408337849097692,1.6386238077663364,2.139954907013136,1.3040550961236224,1.5889745698219249,2.5043890907336763
rf,base+atom_numbers+support,no,10,0,10,281,-0.218123440265596,2.467171552670316,11.273389605348203,,Cu-Na2WO4/SiO2,Mn-CaWO4/SiO2,Mn-MoOx/SiO2,Mn-Na2MoO4/SiO2,Mn-Na2WO4/Al2O3,Mn-Na2WO4/ZSM-5,Mn-SrWO4/SiO2,Mo-Na2WO4/SiO2,Nb2O5,ZSM-5,3.110875656310601,3.643530391595968,3.142094180293729,2.312340501468847,2.552726357014899,2.042348731440809,3.0938635321969694,2.356895319008258,0.9883480584513225,1.4286927989217573
rf,base+atom_numbers+support,no,10,0,10,232,0.5864274612909175,1.8725060440473695,7.1827413227076295,,CeO2,Co-Na2WO4/SiO2,Mn-BaWO4/SiO2,Mn-K2WO4/SiO2,Mn-MoOx/SiO2,Mn-Na2WO4/Nb2O5,Mn-Na2WO4/SiC,Mn-Na2WO4/SiCnf,Mn-Na2WO4/ZSM-5,Na2WO4/SiO2,1.1536532526130543,1.692358912576254,1.1163122749795773,1.8087226715329787,3.1716980885861648,3.35084643722239,1.7296295329387683,1.2990780366550698,1.8504095487511452,1.5523516846182916
rf,base+atom_numbers+support,no,10,0,10,291,0.2683287161979836,2.219517164999799,8.879650912136556,,Blank,La-Na2WO4/SiO2,MgO,Mn-Na/SiO2,Mn-Na2WO4/SiCnf,Mo-Na2WO4/SiO2,Na2WO4/SiO2,SiCnf,V-Na2WO4/SiO2,Y-Na2WO4/SiO2,1.2654317290109744,2.1274580798194083,0.916810939128178,1.4292731130536056,1.8379139272946108,1.7008658024006282,2.230511790405701,3.432184979724574,3.898074081835737,3.35664720732457
rf,base+atom_numbers+support,no,10,0,10,226,0.4721293315368742,2.0200100521644933,7.977337692862353,,BN,Ce-Na2WO4/SiO2,Eu-Na2WO4/SiO2,Mn-FeMoO4/SiO2,Mn-Na2WO4/Al2O3,Mn-Na2WO4/CeO2,Mn-Na2WO4/SiO2,Mn-WOx/SiO2,Tb-Na2WO4/SiO2,Ti-Na2WO4/SiO2,2.0629601830640865,1.5500177978745766,1.437395192198789,4.249360199556233,2.9042806837659243,1.342091360163122,1.6703217126466277,1.4291218204059015,1.112362387797788,2.442189184171884
rf,base+atom_numbers+support,no,10,0,10,271,0.5466490733932987,1.8413815114706515,6.227670105754546,,Al2O3,BN,Ce-Na2WO4/SiO2,MgO,Mn-FeMoO4/SiO2,Mn-Na2WO4/CeO2,Mn-ZnMoO4/SiO2,Pd-Na2WO4/SiO2,Ti-Na2WO4/SiO2,Y-Na2WO4/SiO2,1.300514984440303,2.0216107416502305,1.620158851257098,0.5172416135725011,1.2399694470881626,1.845728739506052,1.7422234165224937,2.658902171589396,2.684675251525648,2.78278989755463
rf,base+atom_numbers+support,no,10,0,10,230,0.555737143163078,1.4665778600538244,3.8893581491790825,,Al2O3,CeO2,La-Na2WO4/SiO2,MgO,Mn-Na2MoO4/SiO2,Mn-Na2WO4/MgO,Mn-Na2WO4/Nb2O5,Ni-Na2WO4/SiO2,SiCnf,TiO2,0.9570250325553452,1.3379242544446186,1.5753152202633045,0.8734183844021687,1.596919877857125,1.1772668199485314,1.689625322289898,2.4402619087686923,1.40742273379249,1.610599046216068
rf,base+atom_numbers+support,no,10,0,10,204,0.2435739993015206,2.231132513227513,10.837620436512468,,Co-Na2WO4/SiO2,Eu-Na2WO4/SiO2,Mn-FeMoO4/SiO2,Mn-MgWO4/SiO2,Mn-MoOx/SiO2,Mn-Na2WO4/BEA,Mn-Na2WO4/SiCnf,Mn-Na2WO4/TiO2,SiO2,Y-Na2WO4/SiO2,2.494986507936509,1.5109230158730167,4.890383465608464,1.4161246031746029,4.543420899470899,1.5218649470899506,1.27573902116402,2.272593121693121,0.8551743386243397,1.5301152116402124
rf,base+atom_numbers+support,no,10,0,10,202,0.4203012508862358,2.18661462496466,8.436095081910528,,Al2O3,BN,Co-Na2WO4/SiO2,Fe-Na2WO4/SiO2,Mn-Li2WO4/SiO2,Mn-Na2WO4/SiO2,Mn-WOx/SiO2,Ni-Na2WO4/SiO2,V-Na2WO4/SiO2,Y-Na2WO4/SiO2,0.835290148481257,1.7113206232773492,2.387993104434366,1.9272334518353864,1.8890678994018235,2.807627726042929,1.6111297389561272,2.634661843407972,3.2115516630591343,2.850270050750254
rf,base+atom_numbers+support,no,10,0,10,251,0.2198305571176724,2.0924593020162563,7.7754526413491645,,Co-Na2WO4/SiO2,Eu-Na2WO4/SiO2,MgO,Mn-CaWO4/SiO2,Nd-Na2WO4/SiO2,SiC,SiCnf,V-Na2WO4/SiO2,Zn-Na2WO4/SiO2,Zr-Na2WO4/SiO2,2.424955388176779,2.130432713599272,0.7838422317074228,3.4917966752969307,1.9359316768461257,1.1878719337644947,2.79565722155964,3.418563260515062,1.3694351375797902,1.386106781117051
rf,base+atom_numbers+support,no,10,0,10,293,-0.0812532766245053,2.951610098185464,16.625118294218886,,Co-Na2WO4/SiO2,Cu-Na2WO4/SiO2,Mn-K2MoO4/SiO2,Mn-K2WO4/SiO2,Mn-Na2WO4/ZSM-5,Mo-Na2WO4/SiO2,Pd-Na2WO4/SiO2,Tb-Na2WO4/SiO2,WOx/SiO2,Y-Na2WO4/SiO2,3.127854962387421,1.5403738235777575,4.09609977479424,5.03956487825053,4.411760909357346,1.9767074971681329,3.10206606373743,2.3936821200171616,1.3471896854536003,2.480801267111021
rf,base+atom_numbers+support,no,10,0,10,234,0.1895779002152652,2.589652308238199,11.249120342652592,,Co-Na2WO4/SiO2,Eu-Na2WO4/SiO2,Mn-K2WO4/SiO2,Mn-MoOx/SiO2,Mn-Na2WO4/SiO2,Mn-SrWO4/SiO2,Mn-WOx/SiO2,Mo-Na2WO4/SiO2,SiC,Y-Na2WO4/SiO2,2.201077616596585,2.032063476469003,2.6390426146763457,4.26287222121311,2.547104658165447,3.356400266268331,1.8770536445796309,1.5174322734025765,3.1585656121012304,2.3049106989097283
rf,base+atom_numbers+support,no,10,0,10,213,-0.0749848099404015,2.418167851199051,13.011833023587712,,Co-Na2WO4/SiO2,La-Na2WO4/SiO2,Mn-K2WO4/SiO2,Mn-Li2MoO4/SiO2,Mn-Li2WO4/SiO2,Mn-Na2MoO4/SiO2,Mn-Na2WO4/MgO,Mn-Na2WO4/Nb2O5,Mo-Na2WO4/SiO2,Na/SiO2,3.436849179884902,1.593208145559789,4.603126857641529,2.691365432174961,3.2337480424985925,3.3436153078086943,1.6744346429655796,0.949963684769592,0.7810863176993705,1.7655035109451906
rf,base+atom_numbers+support,no,10,0,10,225,0.3090598881353809,2.4720712966765794,11.11231770744254,,Mn-CaWO4/SiO2,Mn-Li2WO4/SiO2,Mn-Na2WO4/CeO2,Mn-Na2WO4/TiO2,Mn-WOx/SiO2,SiCnf,SiO2,Tb-Na2WO4/SiO2,Ti-Na2WO4/SiO2,WOx/SiO2,4.052899933297723,1.7170162823306978,2.900846131783632,3.036193374630863,1.5128806712892424,1.5908431921702455,2.3327698295662995,1.7214083080634226,3.331670230443321,2.5241850131903503
rf,base+atom_numbers+support,no,10,0,10,220,0.1701727824783819,2.4205357530139544,9.558222220284811,,Co-Na2WO4/SiO2,Fe-Na2WO4/SiO2,Mn-BaWO4/SiO2,Mn-CaWO4/SiO2,Mn-K2WO4/SiO2,Mn-Na/SiO2,SiCnf,ZSM-5,Zn-Na2WO4/SiO2,Zr-Na2WO4/SiO2,2.648610788541373,2.069431486984846,2.585644667588192,3.492159061444038,2.523185329355448,1.4543156386448468,3.613348023699191,2.7474309621524147,1.442130213979033,1.6291013577501634
rf,base+atom_numbers+support,no,10,0,10,277,0.4781426991157277,1.939078540093628,7.255077265862411,,Eu-Na2WO4/SiO2,MgO,Mn-MgWO4/SiO2,Mn-Na2WO4/Al2O3,Mn-Na2WO4/CeO2,Mn-Na2WO4/Nb2O5,Mn-Na2WO4/SiCnf,Mn-Na2WO4/TiO2,Y-Na2WO4/SiO2,ZSM-5,2.040332341870455,0.9742791391297002,1.5316745354943335,1.6615053547823837,2.3158762776809603,1.8633102424133223,1.995014363420788,2.8497194451272096,2.9141625967091978,1.2449111043079293
rf,base+atom_numbers+support,no,10,0,10,296,0.2691720788991043,2.454022530585728,10.403124098165788,,Al2O3,Blank,Mn-Na2WO4/Al2O3,Mn-Na2WO4/Nb2O5,Mn-Na2WO4/ZSM-5,Mn-SrWO4/SiO2,Mo-Na2WO4/SiO2,Nd-Na2WO4/SiO2,Ni-Na2WO4/SiO2,Ti-Na2WO4/SiO2,2.292984270881046,2.1314587861234084,1.0081405339950569,2.7667368930258016,2.210182776563091,3.865921543385048,2.25335625883769,2.7832595372680458,2.592697660224572,2.6354870455535204
rf,base+atom_numbers+support,no,10,0,10,263,0.4983381516301913,1.531284470529071,4.151309982061396,,CeO2,Mn-FeMoO4/SiO2,Mn-Na/SiO2,Na/SiO2,Ni-Na2WO4/SiO2,SiCnf,Tb-Na2WO4/SiO2,TiO2,V-Na2WO4/SiO2,ZSM-5,1.5366606084707473,0.9811089736023856,1.0001019085479852,1.6812317354512771,3.1011574111022724,1.4453785905356218,1.192224839582168,1.427542696513235,2.251341808726253,0.721087343579132
rf,base+atom_numbers+support,no,10,0,10,282,-0.056799752560841,2.4044006199856565,10.205979175923604,,Al2O3,MgO,Mn-K2MoO4/SiO2,Mn-Na2WO4/Al2O3,Mn-Na2WO4/ZSM-5,Mn-Na2WO4/ZrO2,Mn-WOx/SiO2,SiC,V-Na2WO4/SiO2,Y-Na2WO4/SiO2,3.3009743493749046,2.050268572101032,1.9103993887148585,3.5909219934566465,2.87921223691208,1.4309020958276464,2.4721425894688798,1.2381164209790798,2.652372281775957,2.5186962712454823
rf,base+atom_numbers+support,no,10,0,10,236,0.3357684471627162,2.170141665439256,8.589219768401955,,Eu-Na2WO4/SiO2,Mn-Na2WO4/SiCnf,Mn-Na2WO4/ZrO2,Mn-ZnMoO4/SiO2,SiC,SiCnf,Ti-Na2WO4/SiO2,V-Na2WO4/SiO2,ZSM-5,Zr-Na2WO4/SiO2,2.056727010324064,2.238009293294392,1.0042695338241263,1.9139156125449064,1.022015270960603,3.4441931326169763,3.4549674621938027,2.5950278022109936,2.604467801679021,1.3678237347436768
rf,base+atom_numbers+support,no,10,0,10,203,0.0414887153895363,2.3072196378076293,11.126131850373609,,Hf-Na2WO4/SiO2,Mn-MgWO4/SiO2,Mn-MoOx/SiO2,Mn-Na2WO4/Al2O3,Mn-Na2WO4/MgO,Mn-SrWO4/SiO2,Na2WO4/SiO2,Tb-Na2WO4/SiO2,TiO2,Zr-Na2WO4/SiO2,1.940516813422282,1.507135719056392,4.1518947700134525,1.1969359274075997,1.1367085642567687,3.931645169474021,4.766756444803326,1.7563541089737715,1.115342308090689,1.568906552577991
rf,base+atom_numbers+support,no,10,0,10,255,0.3609514177010159,2.3260983099538586,10.08545901745509,,Blank,Eu-Na2WO4/SiO2,Hf-Na2WO4/SiO2,Mn-K2MoO4/SiO2,Mn-Na2WO4/Al2O3,Mn-Na2WO4/TiO2,Ti-Na2WO4/SiO2,WOx/SiO2,ZSM-5,ZrO2,1.6621001550664307,2.1917917248584264,2.0386966364752377,2.9032107022500955,0.808478308466813,3.1774728780579355,3.5232494274716,3.4501130982957102,2.2540275551392623,1.251842613457076
rf,base+atom_numbers+support,no,10,0,10,290,-0.0372602326269093,2.284761833165324,11.140580827768408,,Eu-Na2WO4/SiO2,Mn-CaWO4/SiO2,Mn-FeMoO4/SiO2,Mn-Na/SiO2,Mn-Na2WO4/Al2O3,Mn-Na2WO4/BN,Mn-Na2WO4/TiO2,Nd-Na2WO4/SiO2,WOx/SiO2,Zr-Na2WO4/SiO2,1.5308333804662917,4.602991756892734,4.176585462719107,1.7506533080072333,1.29119352836319,1.2187886052209853,2.2840151207315627,1.576925132500224,3.476099857394367,0.9395321793575416
rf,base+atom_numbers+support,no,10,0,10,206,0.2557564818980864,2.5483450119972937,13.237555625810051,,BEA,Mn-CaWO4/SiO2,Mn-FeMoO4/SiO2,Mn-K2WO4/SiO2,Mn-MoOx/SiO2,Mn-Na2MoO4/SiO2,Mn-Na2WO4/CeO2,Mn-Na2WO4/SiCnf,Mn-Na2WO4/TiO2,Na2WO4/SiO2,0.7787725336497003,1.820491706208661,1.600256836834547,3.8366210074295215,2.184677530575155,2.6300561876886843,3.390650251504301,3.028158214341421,3.726854345311591,2.4869115064293568
rf,base+atom_numbers+support,no,10,0,10,249,0.4228634405146768,1.8785514325837465,6.386220431999581,,Blank,Eu-Na2WO4/SiO2,Hf-Na2WO4/SiO2,Mn-BaWO4/SiO2,Mn-Na/SiO2,Mn-WOx/SiO2,Na2WO4/SiO2,Nb2O5,Tb-Na2WO4/SiO2,Zr-Na2WO4/SiO2,1.404297535176342,2.0110349120405027,1.750536630239325,3.263954823595394,2.021162750534528,2.153580377341375,2.0056947715935274,1.2139082832664567,1.6794426108868608,1.2819016311631524
rf,base+atom_numbers+support,no,10,0,10,275,0.5885265824996415,1.9671741454032745,7.061717902779324,,Ce-Na2WO4/SiO2,CeO2,Mn-K2MoO4/SiO2,Mn-Li2MoO4/SiO2,Mn-Na2WO4/CeO2,Mn-Na2WO4/ZSM-5,Na/SiO2,Nd-Na2WO4/SiO2,SiCnf,Ti-Na2WO4/SiO2,1.64536570674218,1.0348599552712496,1.6715534410021513,1.7967598626574173,1.8395989846303769,2.522366599332741,2.73044449216348,1.9236706417786664,1.4504781384984071,3.183855356416109
rf,base+atom_numbers+support,no,10,0,10,237,0.3114287411975164,2.0286745683844214,8.299958741330366,,Co-Na2WO4/SiO2,Mn-CaWO4/SiO2,Mn-Na2WO4/CeO2,Mn-Na2WO4/Nb2O5,Mn-Na2WO4/SiO2,Mo-Na2WO4/SiO2,SiO2,WOx/SiO2,Zr-Na2WO4/SiO2,ZrO2,2.230429847866988,2.3741777008159337,2.8831538240332333,1.257440643319251,3.122429173784912,1.405325069919629,3.42802560892737,1.4166908007413892,1.1610734784701808,1.0079995359653244
rf,base+atom_numbers+support,no,10,0,10,246,0.4183461172150522,2.342330741624896,9.463862942201374,,Cu-Na2WO4/SiO2,Mn-MoOx/SiO2,Mn-Na2WO4/CeO2,Mn-Na2WO4/SiC,Mn-Na2WO4/SiO2,Mn-ZnMoO4/SiO2,Nd-Na2WO4/SiO2,Pd-Na2WO4/SiO2,SiCnf,V-Na2WO4/SiO2,3.041866132589255,2.0746417672422623,2.017021599727001,1.958363832586146,2.216385061837045,2.0634549344312547,1.7408619110168733,2.52858517509648,1.803437405472163,3.9786895962504776
rf,base+atom_numbers+support,no,10,0,10,285,-0.144002920906167,2.471679452167612,12.707872213333454,,Eu-Na2WO4/SiO2,Fe-Na2WO4/SiO2,Mn-Li2MoO4/SiO2,Mn-Na2WO4/SiCnf,Mn-SrWO4/SiO2,Mn-WOx/SiO2,Mn-ZnMoO4/SiO2,Nd-Na2WO4/SiO2,V-Na2WO4/SiO2,Zn-Na2WO4/SiO2,1.7270692020084086,2.236834073681288,2.532160536825129,1.2287374215580422,4.58292807773045,2.032705686013853,2.3748106276597327,0.9186568389530926,4.626973173767577,2.455918883478544
rf,base+atom_numbers+support,no,10,0,10,210,-0.3368469330605665,2.326301548854928,9.577838203518498,,Al2O3,BN,Fe-Na2WO4/SiO2,Mn-Li2MoO4/SiO2,Mn-MoOx/SiO2,Mn-Na2WO4/BN,Mn-Na2WO4/MgO,Mn-Na2WO4/Nb2O5,SiCnf,SiO2,1.4790105711998027,2.024076420778234,1.8035545423514832,2.099948502907287,2.8542333615794715,3.0775247276799087,2.545956018712208,3.4900550865500253,2.204437832976515,1.6842184238143434
rf,base+atom_numbers+support,no,10,0,10,208,0.5056602235207146,1.8083292598470029,6.438513552791029,,CeO2,Hf-Na2WO4/SiO2,Mn-Li2WO4/SiO2,Mn-Na2WO4/SiO2,Mn-SrWO4/SiO2,Mn-WOx/SiO2,Nb2O5,Nd-Na2WO4/SiO2,Pd-Na2WO4/SiO2,TiO2,2.8257322371082925,1.518477473311569,1.467141373449975,2.498805018387619,1.291353671677392,1.3586925695323595,1.750199174742713,1.649456852825028,2.6343571928256475,1.089077034609434
rf,base+atom_numbers+support,no,10,0,10,214,0.243461378802838,2.3023071288665213,8.765216583463003,,BN,Co-Na2WO4/SiO2,Cu-Na2WO4/SiO2,La-Na2WO4/SiO2,Mn-K2WO4/SiO2,Mn-Na/SiO2,Mn-Na2MoO4/SiO2,Mn-ZnMoO4/SiO2,SiCnf,TiO2,2.1606356639706528,2.296460765333134,3.039975615147452,2.000182398757317,2.5246470939700902,1.6960548828508384,1.857941925842708,1.9771753632860405,3.555966956019033,1.914030623487949
rf,base+atom_numbers+support,no,10,0,10,240,0.5235275345220114,1.9057595370309477,6.340792835245506,,BN,Hf-Na2WO4/SiO2,Mn-K2MoO4/SiO2,Mn-MoOx/SiO2,Mn-Na2WO4/Al2O3,Mn-Na2WO4/SiO2,Mn-Na2WO4/ZrO2,Na/SiO2,Pd-Na2WO4/SiO2,ZSM-5,1.695840502319904,2.13110165066912,2.053345509029564,2.174722238670192,1.0925213940586245,2.581363007501804,1.308409430522553,2.152113711354742,2.5335184427762965,1.3757185124606404
rf,base+atom_numbers+support,no,10,0,10,267,-0.2749062325752966,2.527139466576605,12.774935925920245,,Blank,Ce-Na2WO4/SiO2,Cu-Na2WO4/SiO2,Mn-FeMoO4/SiO2,Mn-K2WO4/SiO2,Mn-Na2WO4/Al2O3,Mn-Na2WO4/BEA,Mn-Na2WO4/BN,Mn-Na2WO4/MgO,Y-Na2WO4/SiO2,1.9255398913511736,1.4431172393178693,4.0463324903528886,4.254105497023737,1.6224151801981586,3.0403697701758943,1.9220531706165167,2.966914194203341,2.385648700895983,1.664898531630489
rf,base+atom_numbers+support,no,10,0,10,247,0.3200700642506238,2.250331607694444,9.226105500962223,,Hf-Na2WO4/SiO2,Mn-FeMoO4/SiO2,Mn-MoOx/SiO2,Mn-Na/SiO2,Mn-Na2WO4/MgO,Mn-Na2WO4/SiO2,Mn-Na2WO4/TiO2,Mn-ZnMoO4/SiO2,TiO2,Y-Na2WO4/SiO2,2.5567196371906795,0.8944672620056718,2.5596733792120125,1.9308505092799857,1.1917737917617586,3.149824497476246,3.343938652244119,2.217302569132404,1.9131759497045997,2.745589828936959
rf,base+atom_numbers+support,no,10,0,10,238,0.1226895346398618,2.9817373138550534,15.845146311124976,,Blank,Mn-Na2WO4/Nb2O5,Mn-Na2WO4/SiC,Mn-Na2WO4/SiCnf,Mn-Na2WO4/ZSM-5,Mn-Na2WO4/ZrO2,Ni-Na2WO4/SiO2,SiCnf,Ti-Na2WO4/SiO2,WOx/SiO2,1.5050710208805749,1.242013603084526,3.944169455982364,3.1527418523954744,2.898099357878673,3.3793720582955404,2.978943420290395,3.3685905609954427,5.662099559115928,1.686272249631615
rf,base+atom_numbers+support,no,10,0,10,209,0.3174431349837946,2.0333381870628022,9.076472841573729,,Al2O3,BN,MgO,Mn-Li2MoO4/SiO2,Mn-Na2WO4/CeO2,Mn-Na2WO4/MgO,Mn-Na2WO4/Nb2O5,Mn-Na2WO4/SiC,Mn-Na2WO4/SiCnf,Nd-Na2WO4/SiO2,1.1659908139565769,2.072073904023576,1.305576737224167,2.1959396586102358,3.129934793965348,0.9457245384679892,1.121710050072375,3.4643814597410416,2.841570935224392,2.0904789793423224
rf,base+atom_numbers+support,no,10,0,10,265,0.1585789916302069,2.658054003669979,13.471989096451116,,Fe-Na2WO4/SiO2,Mn-K2MoO4/SiO2,Mn-K2WO4/SiO2,Mn-MgWO4/SiO2,Mn-MoOx/SiO2,Na2WO4/SiO2,Pd-Na2WO4/SiO2,SiC,WOx/SiO2,Y-Na2WO4/SiO2,1.9825112430466911,2.128131855340189,2.455397110563687,1.266628136470025,5.293152535660609,5.489220557481631,2.3372831087221595,2.105064352661606,1.1425256292610086,2.3806255074921863
rf,base+atom_numbers+support,no,10,0,10,287,0.1142437050223287,2.4443803877101,12.169493191387335,,Co-Na2WO4/SiO2,Hf-Na2WO4/SiO2,Mn-K2MoO4/SiO2,Mn-K2WO4/SiO2,Mn-Na2WO4/MgO,Mn-Na2WO4/Nb2O5,Mn-Na2WO4/ZSM-5,Mn-SrWO4/SiO2,Mo-Na2WO4/SiO2,Nd-Na2WO4/SiO2,2.319260862634008,2.7301892085152875,3.6738341595131847,4.683697696316126,0.9002400012289334,2.060838556352943,2.411661129521625,1.0187589614458523,1.848234680487176,2.7970886210858605
rf,base+atom_numbers+support,no,10,0,10,274,0.3215778791687226,1.9280001707237235,8.742949340474297,,Co-Na2WO4/SiO2,MgO,Mn-BaWO4/SiO2,Mn-MgWO4/SiO2,Mn-Na2WO4/Al2O3,Mn-Na2WO4/MgO,Na2WO4/SiO2,Ti-Na2WO4/SiO2,Zn-Na2WO4/SiO2,ZrO2,2.197597543535222,0.6552641445717587,1.301975923985666,1.582290044751383,1.1998866772990215,0.9493329910634348,5.302941758473376,2.8899433685617875,1.4540908063236928,1.7466784486718925
rf,base+atom_numbers+support,no,10,0,10,250,-0.0077779343038391,2.441171795900627,9.930754955351174,,Ce-Na2WO4/SiO2,Fe-Na2WO4/SiO2,MgO,Mn-CaWO4/SiO2,Mn-Na/SiO2,Mn-Na2WO4/Al2O3,Mn-Na2WO4/Nb2O5,Mn-Na2WO4/SiC,SiC,WOx/SiO2,1.798108485029934,1.817865435560492,1.1063347780018755,4.434267430317101,1.3756130923758163,3.4005547723575664,3.411027300786258,2.217660251803125,1.8222213611026508,3.028065051671451
rf,base+atom_numbers+support,no,10,0,10,279,0.4013566406270197,1.8836133423675108,7.980686632145462,,Mn-FeMoO4/SiO2,Mn-Na2MoO4/SiO2,Mn-Na2WO4/CeO2,Mn-Na2WO4/SiCnf,Mn-Na2WO4/SiO2,Mn-WOx/SiO2,Mn-ZnMoO4/SiO2,Nd-Na2WO4/SiO2,Zr-Na2WO4/SiO2,ZrO2,4.135081497910786,1.8550810322101885,2.968930539374404,1.3816725587511771,1.7008787501963707,1.4972342229497269,2.130404193360822,0.8982726800797023,0.911914675830916,1.3566632730110155
rf,base+atom_numbers+support,no,10,0,10,217,0.0317776140206728,2.210632529458782,9.62199059384724,,BEA,Mn-BaWO4/SiO2,Mn-CaWO4/SiO2,Mn-FeMoO4/SiO2,Mn-Na2WO4/CeO2,Mn-Na2WO4/ZSM-5,Mn-Na2WO4/ZrO2,Mn-SrWO4/SiO2,Na/SiO2,SiO2,0.9495199009662884,2.538165712634298,3.457678227064599,2.7493820722374376,1.6631519942161566,2.112308664683145,1.3015536023987904,3.418526337860974,3.202760365703226,0.8786330561969806
rf,base+atom_numbers+support,no,10,0,10,268,0.2507330696374665,2.25577024165528,10.795797634685272,,Ce-Na2WO4/SiO2,Co-Na2WO4/SiO2,La-Na2WO4/SiO2,Mn-K2MoO4/SiO2,Mn-Na2WO4/Al2O3,Mn-Na2WO4/CeO2,Mn-Na2WO4/ZSM-5,SiCnf,WOx/SiO2,ZrO2,1.4737912072605777,2.005335200015616,1.4312027294350622,3.886150461998341,1.061130623920469,3.037110685011409,1.8141721248508496,1.6749749812734438,5.243977570049418,0.9298568327376092
rf,base+atom_numbers+support,no,10,0,10,288,0.4585873158764671,2.092260937690088,7.482191451953397,,BEA,Mn-Li2MoO4/SiO2,Mn-Na2WO4/SiO2,Mn-WOx/SiO2,Mo-Na2WO4/SiO2,Na2WO4/SiO2,Ni-Na2WO4/SiO2,Y-Na2WO4/SiO2,Zr-Na2WO4/SiO2,ZrO2,1.6512723067719732,2.068988194965951,2.1088748833053907,2.631392651597777,1.5574334966691628,2.814064454863737,2.117791661183643,2.833817200630148,1.0455535731589742,2.093420953754123
rf,base+atom_numbers+support,no,10,0,10,298,0.3742820045476089,2.06574267172157,8.137829377332052,,BEA,BN,Ce-Na2WO4/SiO2,Hf-Na2WO4/SiO2,Mn-K2MoO4/SiO2,Mn-MoOx/SiO2,Mn-Na2WO4/CeO2,Pd-Na2WO4/SiO2,Zn-Na2WO4/SiO2,ZrO2,1.1414277076480646,2.2161490254863936,1.3933245403817622,1.676484234209925,3.679995410737272,2.445833915433394,3.0336536486583,2.5370625748621016,1.291668822183122,1.2418268376153665
rf,base+atom_numbers+support,no,10,0,10,289,-0.2370936088694706,2.194067848374441,11.528650041920706,,Al2O3,Cu-Na2WO4/SiO2,Mn-BaWO4/SiO2,Mn-Na2WO4/BN,Mn-Na2WO4/CeO2,Mn-Na2WO4/MgO,Mn-Na2WO4/SiCnf,Nb2O5,ZSM-5,ZrO2,2.0944561598279217,4.249725925259326,3.990206212689986,1.2397281598014414,3.525424834923303,1.1984118301501832,1.2576508983249857,1.814689661334064,1.6336294546925052,0.936755346740694
rf,base+atom_numbers+support,no,10,0,10,284,0.467899150801089,2.06027338700866,7.142851774554007,,CeO2,Mn-BaWO4/SiO2,Mn-Na2MoO4/SiO2,Mn-Na2WO4/BEA,Mn-Na2WO4/TiO2,Mn-Na2WO4/ZrO2,Mo-Na2WO4/SiO2,Ti-Na2WO4/SiO2,Y-Na2WO4/SiO2,Zn-Na2WO4/SiO2,1.825448681662093,1.2873207101204232,1.5199507522823532,1.662469810933275,2.469140727177093,1.980466620509228,2.699398352455731,2.2422181007406854,2.57577488903861,2.3405452251671006
rf,base+atom_numbers+support,no,10,0,10,273,0.2971798868803187,2.0783734380385464,8.308118163481534,,Blank,Eu-Na2WO4/SiO2,MgO,Mn-CaWO4/SiO2,Mn-Li2MoO4/SiO2,Mn-Na/SiO2,Mn-Na2MoO4/SiO2,Mn-Na2WO4/TiO2,SiCnf,Tb-Na2WO4/SiO2,2.0034933933646264,1.5811402055364905,0.8274249679438701,3.738522744465192,2.2910235579146527,1.7469973012608913,2.0743143164580795,2.1506365366062066,3.047649199456654,1.3225321573788038
rf,base+atom_numbers+support,no,10,0,10,252,0.3116609208662944,1.7670056613756604,6.254455253399843,,Al2O3,Hf-Na2WO4/SiO2,La-Na2WO4/SiO2,Mn-BaWO4/SiO2,Mn-FeMoO4/SiO2,Mn-Li2MoO4/SiO2,Mn-Li2WO4/SiO2,Mn-Na2WO4/MgO,Mn-Na2WO4/ZrO2,Nb2O5,0.9388006613756588,1.5331595238095193,1.6856652777777792,2.277991997354494,1.921724669312172,2.3577167328042328,1.7235552910052918,1.569406084656081,2.5336292989417952,1.1284070767195766
rf,base+atom_numbers+support,no,10,0,10,283,0.3315292588514098,2.1673951644799243,7.728237981795256,,BEA,Blank,Mn-Na2WO4/MgO,Mn-Na2WO4/TiO2,Mn-SrWO4/SiO2,Mn-WOx/SiO2,Ni-Na2WO4/SiO2,Pd-Na2WO4/SiO2,V-Na2WO4/SiO2,Zn-Na2WO4/SiO2,0.7548352797433997,2.381650100738989,1.5485529790186543,2.7461180275519723,1.729831195173868,1.9560683498284268,2.4838745642201783,2.687299396858819,3.5737281260800478,1.811993625584886
rf,base+atom_numbers+support,no,10,0,10,280,0.3261210625785025,1.7815199382341085,5.918988404505172,,BEA,BN,Blank,Ce-Na2WO4/SiO2,Cu-Na2WO4/SiO2,Mn-FeMoO4/SiO2,Mn-Na2WO4/SiCnf,Mn-SrWO4/SiO2,Na/SiO2,Nb2O5,1.3828026058034044,2.010443995427156,2.018564669095051,1.6314535349681183,1.4479586311360964,1.3710486074368022,3.073732205504115,1.2680888572898297,1.7959185369368282,1.8175875051941373
rf,base+atom_numbers+support,no,10,0,10,276,0.5460363389529217,1.594456474862476,4.729080276925566,,CeO2,Mn-BaWO4/SiO2,Mn-K2MoO4/SiO2,Mn-Li2WO4/SiO2,Mn-Na2WO4/BN,Mn-Na2WO4/SiC,Mn-WOx/SiO2,TiO2,ZSM-5,ZrO2,1.4648335822347844,1.152830533182613,1.950156591036971,1.9825320702599685,1.7411335535972985,2.615083714794332,1.5666179387120016,1.1946531493684744,1.3313966788949227,0.9453269365433912
rf,base+atom_numbers+support,no,10,0,10,286,0.3114844129895507,2.180959929115444,9.001139386321013,,CeO2,Co-Na2WO4/SiO2,Mn-K2MoO4/SiO2,Mn-Na2WO4/SiC,Mn-Na2WO4/SiCnf,Mn-Na2WO4/ZrO2,Na/SiO2,Ni-Na2WO4/SiO2,SiC,SiO2,1.4141211885952147,2.5370236130009407,2.3476190305308284,3.377480646596759,2.591330952779179,1.1179771926449011,1.402611737465057,2.9574728732290985,1.884503816030884,2.0497335416731777
rf,base+atom_numbers+support,no,10,0,10,254,0.5315463966174856,1.3590886280493653,3.5115817730751746,,Co-Na2WO4/SiO2,MgO,Mn-FeMoO4/SiO2,Mn-MgWO4/SiO2,Mn-Na2WO4/BN,Mn-SrWO4/SiO2,Mo-Na2WO4/SiO2,Na/SiO2,Nb2O5,SiC,2.314989841363692,0.7728418131460466,0.8308148501812771,1.6629445698377414,1.2063047492072017,1.0773358021099089,1.3502022579374993,2.0092893022107354,1.600063407251081,0.874466466275366
rf,base+atom_numbers+support,no,10,0,10,269,0.417970179607075,1.9860988223731648,7.938851515187431,,Hf-Na2WO4/SiO2,Mn-FeMoO4/SiO2,Mn-Li2MoO4/SiO2,Mn-Li2WO4/SiO2,Mn-Na/SiO2,Mn-Na2MoO4/SiO2,Mn-Na2WO4/MgO,Mn-Na2WO4/SiC,Na2WO4/SiO2,ZSM-5,1.6261583076514146,4.664809035731654,2.22290561106348,1.1267781800983034,1.6235219864913355,2.1395797597409563,1.0561891598107511,1.58468417247404,2.65137087203348,1.1649911386362262
rf,base+atom_numbers+support,no,10,0,10,248,0.5109847268579257,1.7224916100757526,4.914338512022972,,Al2O3,Co-Na2WO4/SiO2,Mn-Li2WO4/SiO2,Mn-Na2WO4/BEA,Nb2O5,SiC,SiCnf,SiO2,Y-Na2WO4/SiO2,Zn-Na2WO4/SiO2,1.3601242369371886,2.096466653254153,1.885187867423215,1.9155662273657408,1.052919724360002,1.0553556329652858,2.5316566128264744,2.1289081453641523,2.2837227254008847,0.9150082748604276
rf,base+atom_numbers+support,no,10,0,10,257,-0.2187027139557691,2.5927086436913305,13.56286100339218,,Co-Na2WO4/SiO2,Hf-Na2WO4/SiO2,La-Na2WO4/SiO2,Mn-BaWO4/SiO2,Mn-MgWO4/SiO2,Mn-MoOx/SiO2,Mn-Na2WO4/BEA,Mn-Na2WO4/BN,Nb2O5,Pd-Na2WO4/SiO2,3.263428613489648,1.653387222290272,1.7291036535031536,4.40075260009114,2.9065911708793406,4.186977708431881,2.6519896797508715,1.465231083917379,0.973019013907622,2.696605690652
rf,base+atom_numbers+support,no,10,0,10,256,0.1187153022239945,2.478993234475121,10.796716402093947,,Mn-CaWO4/SiO2,Mn-Na2MoO4/SiO2,Mn-Na2WO4/Al2O3,Nb2O5,Ni-Na2WO4/SiO2,Ti-Na2WO4/SiO2,TiO2,V-Na2WO4/SiO2,WOx/SiO2,Zn-Na2WO4/SiO2,3.1986413276183288,2.8394644062141903,1.6707926187601874,1.680042228348401,1.9836206104202248,2.4626565736479087,1.096360209424889,3.6321801577403416,5.052504945755046,1.1736692668216886
rf,base+atom_numbers+support,no,10,0,10,272,0.4996521291954897,1.84507816137566,6.201582034054041,,BN,La-Na2WO4/SiO2,Mn-BaWO4/SiO2,Mn-FeMoO4/SiO2,Mn-Na2WO4/SiC,Mn-ZnMoO4/SiO2,SiO2,Tb-Na2WO4/SiO2,Ti-Na2WO4/SiO2,Zr-Na2WO4/SiO2,1.6328137566137573,1.861395767195765,1.178892724867722,0.9344755291005272,1.9566431216931215,2.1963900793650777,1.9850906084656088,2.134223544973543,2.598133465608465,1.9727230158730136
rf,base+atom_numbers+support,no,10,0,10,261,-0.5649276656567099,2.667762616568543,13.83204825057052,,CeO2,Eu-Na2WO4/SiO2,La-Na2WO4/SiO2,Mn-Na2WO4/Al2O3,Mn-Na2WO4/CeO2,Mn-Na2WO4/MgO,Mn-SrWO4/SiO2,SiO2,WOx/SiO2,ZrO2,1.6181473000471018,1.832228566207638,2.0407424430516934,2.9764538982227715,1.223016053004352,3.0384677231485804,5.41801649401561,1.881187893800975,5.574712433433702,1.0746533607530038
rf,base+atom_numbers+support,no,10,0,10,262,0.1747391504527202,2.2664856489828185,10.539267520560806,,Co-Na2WO4/SiO2,La-Na2WO4/SiO2,Mn-FeMoO4/SiO2,Mn-K2WO4/SiO2,Mn-Na2WO4/BN,Mn-WOx/SiO2,Ti-Na2WO4/SiO2,ZSM-5,Zn-Na2WO4/SiO2,ZrO2,2.624582665006427,1.902639118237956,0.9607833032181404,3.3076326140904104,1.3349586640283686,2.18946472420131,5.147770419221485,2.2648181301250907,1.5805961491385327,1.351610702560463
rf,base+atom_numbers+support,no,10,0,10,299,0.284251006466423,2.0253799394742926,6.821527667695686,,Al2O3,Eu-Na2WO4/SiO2,Mn-Li2WO4/SiO2,Mn-Na2WO4/BN,Na/SiO2,Nb2O5,Pd-Na2WO4/SiO2,SiCnf,TiO2,Zn-Na2WO4/SiO2,1.6927928056595811,1.5908371921624451,1.0242015762821464,2.126319851667658,2.6851042117490103,1.7264130950233625,2.306812943459025,3.2938838228038128,1.7975030980553104,2.119884843259695
rf,base+atom_numbers+support,no,10,0,10,266,-0.3057813045982027,2.607932999198044,14.545203083183267,,Al2O3,BEA,Ce-Na2WO4/SiO2,Co-Na2WO4/SiO2,Cu-Na2WO4/SiO2,La-Na2WO4/SiO2,Mn-Li2WO4/SiO2,Mn-Na2WO4/BEA,V-Na2WO4/SiO2,WOx/SiO2,1.0629359514999992,1.102869753446143,2.0691144959634147,2.2436871673563643,4.27423792289025,2.710645794309952,1.0866265967301945,1.8444800926747988,4.921884933204567,4.762847283904754
rf,base+atom_numbers+support,no,10,0,10,264,0.4261630921674577,2.0027721801710943,7.610951201867795,,Al2O3,La-Na2WO4/SiO2,Mn-K2MoO4/SiO2,Mn-K2WO4/SiO2,Mn-Li2MoO4/SiO2,Mn-Li2WO4/SiO2,Mn-Na2WO4/Nb2O5,Pd-Na2WO4/SiO2,SiCnf,TiO2,0.8755359351852973,1.945177832488656,1.867306932407054,3.128853137082487,2.2606350428879654,2.092602322283057,2.1539144183595416,2.781847017552176,1.527267899793355,1.394581263671357
rf,base+atom_numbers+support,no,10,0,10,201,0.4596319026169314,1.5934633860565213,4.550606119542801,,Co-Na2WO4/SiO2,Mn-K2MoO4/SiO2,Mn-Li2MoO4/SiO2,Mn-Na2WO4/BN,SiC,SiO2,TiO2,WOx/SiO2,ZSM-5,ZrO2,2.423210289744952,2.0060801258451813,2.150631799560492,1.157543596857008,1.4893007745847835,1.729994442426943,0.9495834004437916,1.7559125938692015,1.487673106394193,0.7847037308386652
rf,base+atom_numbers+support,no,10,0,10,253,0.2246185251498439,2.3970394375828685,12.001958459569735,,BN,Co-Na2WO4/SiO2,Cu-Na2WO4/SiO2,La-Na2WO4/SiO2,Mn-K2WO4/SiO2,Mn-MoOx/SiO2,Mn-Na2WO4/SiC,Mn-Na2WO4/ZrO2,Na2WO4/SiO2,V-Na2WO4/SiO2,1.983814463369397,1.6817922145794597,3.2508145988498454,1.1144273810763077,1.781763843356477,3.511842919323656,1.4636718753065407,1.8279938565440488,1.6053060634683805,5.748967159954576
rf,base+atom_numbers+support,no,10,0,10,258,0.0819033692901388,2.7719209072465496,15.023381386436435,,Eu-Na2WO4/SiO2,La-Na2WO4/SiO2,MgO,Mn-K2WO4/SiO2,Mn-Li2WO4/SiO2,Mn-MoOx/SiO2,Mn-Na2WO4/SiC,Mn-Na2WO4/TiO2,Mn-Na2WO4/ZrO2,Ni-Na2WO4/SiO2,2.5596461771832946,2.174560864196126,1.099681390530077,4.060138936975964,2.6827564607205945,2.028013018988189,3.926504843152156,4.049036931007381,1.628443831221292,3.510426618490422
rf,base+atom_numbers+support,no,10,0,10,300,0.2255902787567336,2.3702339168285427,8.70557712420492,,CeO2,Eu-Na2WO4/SiO2,Mn-Na2WO4/BN,Mn-ZnMoO4/SiO2,Na/SiO2,Nd-Na2WO4/SiO2,Ni-Na2WO4/SiO2,Pd-Na2WO4/SiO2,WOx/SiO2,Zr-Na2WO4/SiO2,0.8824005952344416,2.1934657170324834,2.381533038703456,2.1807376403713,3.924653477600032,3.2409968513393776,2.927664903890452,1.782351180731418,2.438140829604882,2.009464860572832
rf,base+atom_numbers+support,no,10,0,10,278,0.3619263853177052,2.010806089731381,8.245816843761414,,Al2O3,Blank,Mn-BaWO4/SiO2,Mn-K2WO4/SiO2,Mn-Li2MoO4/SiO2,Mn-Na2WO4/Al2O3,Mn-WOx/SiO2,Ti-Na2WO4/SiO2,Y-Na2WO4/SiO2,Zr-Na2WO4/SiO2,1.4873395106953435,1.5780787374365768,1.1324482441965695,4.1540518853403645,1.8722542242460471,1.3480450247019162,1.1072250676823592,3.5004433712495158,2.6101929603010405,1.317981871464076
rf,base+atom_numbers+support,no,10,0,10,292,0.1772158819938655,2.401199666895495,10.763133081376788,,Ce-Na2WO4/SiO2,Eu-Na2WO4/SiO2,MgO,Mn-K2MoO4/SiO2,Mn-Li2MoO4/SiO2,Mn-Li2WO4/SiO2,Mn-Na2WO4/ZrO2,Na/SiO2,Na2WO4/SiO2,ZSM-5,2.8144557202166607,2.2772036558631377,0.8953366766849861,1.6483229406598583,2.257072278251381,2.2375374734776368,2.5049672340727454,1.2460235436797555,5.310571151073542,2.62797664110596
rf,base+atom_numbers+support,no,49,0,10,202,0.2813463395386951,2.383514326460168,10.458243389144936,,Al2O3,BN,Co-Na2WO4/SiO2,Fe-Na2WO4/SiO2,Mn-Li2WO4/SiO2,Mn-Na2WO4/SiO2,Mn-WOx/SiO2,Ni-Na2WO4/SiO2,V-Na2WO4/SiO2,Y-Na2WO4/SiO2,1.0734909980492604,1.9132256865219743,2.0184848124518004,1.84162111754258,1.596975794870514,2.229268934124444,2.5992882162020576,2.778968585672498,5.266124118123492,2.517695001043053
rf,base+atom_numbers+support,no,49,0,10,215,0.2497720169331494,1.9035779095556544,7.045276361554641,,Blank,La-Na2WO4/SiO2,MgO,Mn-CaWO4/SiO2,Mn-FeMoO4/SiO2,Mn-Li2MoO4/SiO2,Mn-MoOx/SiO2,Mn-Na2WO4/Al2O3,Mn-Na2WO4/BEA,Mn-Na2WO4/SiCnf,1.2874328145428235,1.3592170112735564,0.5498096721990636,3.547528589011308,2.481503774280729,2.0477648389330247,2.8529991622454505,1.5476292633968394,1.6347634759377427,1.727130493736006
rf,base+atom_numbers+support,no,49,0,10,281,0.1328591072753528,2.090897929910584,8.025144910012528,,Cu-Na2WO4/SiO2,Mn-CaWO4/SiO2,Mn-MoOx/SiO2,Mn-Na2MoO4/SiO2,Mn-Na2WO4/Al2O3,Mn-Na2WO4/ZSM-5,Mn-SrWO4/SiO2,Mo-Na2WO4/SiO2,Nb2O5,ZSM-5,2.8973414188763424,3.6218042091137863,2.768859035429033,1.91242233717834,1.603678814875815,2.0912344468870097,1.7727407250005358,1.5937505404139505,1.111872505543915,1.5352752657871154
rf,base+atom_numbers+support,no,49,0,10,212,0.4453272081285769,2.0399751502085413,7.584464848515533,,Ce-Na2WO4/SiO2,Eu-Na2WO4/SiO2,Mn-Na2MoO4/SiO2,Mn-Na2WO4/Al2O3,Mn-Na2WO4/SiO2,Mn-Na2WO4/TiO2,Mn-Na2WO4/ZrO2,SiC,Tb-Na2WO4/SiO2,WOx/SiO2,1.5208707284542018,1.9834636588048695,2.101519668947504,1.5675320439832436,2.617727648215072,2.8530726173095653,1.221673183789086,1.783354432017504,1.655962618414376,3.094574902149985
rf,base+atom_numbers+support,no,49,0,10,282,0.105181684866348,2.166247729822321,8.641653320185965,,Al2O3,MgO,Mn-K2MoO4/SiO2,Mn-Na2WO4/Al2O3,Mn-Na2WO4/ZSM-5,Mn-Na2WO4/ZrO2,Mn-WOx/SiO2,SiC,V-Na2WO4/SiO2,Y-Na2WO4/SiO2,0.9040369786546056,0.9445137565055304,2.2644996396498067,1.524029769593102,1.9388472858252093,2.272016455741463,2.4425501266124714,1.8311776044000485,5.171069241507316,2.369736439733663
rf,base+atom_numbers+support,no,49,0,10,284,0.4586547326472516,1.956122514522367,7.266947627274912,,CeO2,Mn-BaWO4/SiO2,Mn-Na2MoO4/SiO2,Mn-Na2WO4/BEA,Mn-Na2WO4/TiO2,Mn-Na2WO4/ZrO2,Mo-Na2WO4/SiO2,Ti-Na2WO4/SiO2,Y-Na2WO4/SiO2,Zn-Na2WO4/SiO2,1.5008914748376962,1.2564866006982258,2.114377629919169,1.609111280764319,2.7496023217538013,1.2363271018071331,1.5199919837104698,3.286790528423469,2.810511051089551,1.4771351722198365
rf,base+atom_numbers+support,no,49,0,10,207,0.0707526884536654,1.9876943879030928,8.153997433766838,,Al2O3,BEA,MgO,Mn-K2WO4/SiO2,Mn-Na2WO4/MgO,Mn-Na2WO4/Nb2O5,Mn-WOx/SiO2,Mn-ZnMoO4/SiO2,Na/SiO2,Tb-Na2WO4/SiO2,1.139628638737184,1.0050208035892656,0.7289801995794293,2.57352581379706,1.1499568643688869,2.0914486602484046,2.6861323659366327,1.8988404842504047,5.621856511678843,1.5872472241407745
rf,base+atom_numbers+support,no,49,0,10,283,0.3161415261376343,2.1304806504117293,7.9061366587186175,,BEA,Blank,Mn-Na2WO4/MgO,Mn-Na2WO4/TiO2,Mn-SrWO4/SiO2,Mn-WOx/SiO2,Ni-Na2WO4/SiO2,Pd-Na2WO4/SiO2,V-Na2WO4/SiO2,Zn-Na2WO4/SiO2,0.9004226182633588,1.3140259337804312,1.11324879522276,2.6929046637822074,1.7602529338007151,2.589974277283475,2.677973930156444,2.612008347250579,4.165518412606901,1.4784765919704217
rf,base+atom_numbers+support,no,49,0,10,205,0.4113786127779952,1.9595709767802425,6.495744965366106,,La-Na2WO4/SiO2,Mn-K2WO4/SiO2,Mn-Na2WO4/BEA,Mn-WOx/SiO2,SiC,SiCnf,Y-Na2WO4/SiO2,ZSM-5,Zn-Na2WO4/SiO2,Zr-Na2WO4/SiO2,1.7608027564324915,2.7213965047395843,1.7304072356425615,2.554864578196045,1.466825443488106,2.1528663068719087,2.885039034243747,1.436862172131404,1.5078405080029431,1.3788052280536307
rf,base+atom_numbers+support,no,49,0,10,213,0.1895462787360284,2.2361635404749527,9.809895355653213,,Co-Na2WO4/SiO2,La-Na2WO4/SiO2,Mn-K2WO4/SiO2,Mn-Li2MoO4/SiO2,Mn-Li2WO4/SiO2,Mn-Na2MoO4/SiO2,Mn-Na2WO4/MgO,Mn-Na2WO4/Nb2O5,Mo-Na2WO4/SiO2,Na/SiO2,2.1906121277347306,1.7036607218979858,2.5407844168613734,2.061087578665776,1.808525339725884,2.152259405804302,1.2029717220413152,2.1636106461271454,1.4563432405071577,5.650903538365635
rf,base+atom_numbers+support,no,49,0,10,211,0.2782356731798469,1.8938936391847672,7.046163085519416,,BEA,BN,Blank,Ce-Na2WO4/SiO2,Hf-Na2WO4/SiO2,Mn-CaWO4/SiO2,Mn-FeMoO4/SiO2,Mn-K2MoO4/SiO2,Mn-Na2WO4/MgO,Mn-ZnMoO4/SiO2,0.7249068405849539,1.917563472621394,1.3704765546148916,1.3907237358679831,1.7853262167322523,3.742887571721498,2.9789339839002262,1.851636596334689,1.1813510628335793,1.9951303566362049
rf,base+atom_numbers+support,no,49,0,10,279,0.4537135680683315,1.876126868214658,7.282701388696444,,Mn-FeMoO4/SiO2,Mn-Na2MoO4/SiO2,Mn-Na2WO4/CeO2,Mn-Na2WO4/SiCnf,Mn-Na2WO4/SiO2,Mn-WOx/SiO2,Mn-ZnMoO4/SiO2,Nd-Na2WO4/SiO2,Zr-Na2WO4/SiO2,ZrO2,0.8769568278800738,2.1074371818530286,2.3519921081641155,2.0464175228523915,2.6900609017349035,2.632772335704053,1.721518820669029,1.924965385676548,1.350407474968372,1.0587401226440631
rf,base+atom_numbers+support,no,49,0,10,287,0.1447794144191373,2.395213179785588,11.74996006505713,,Co-Na2WO4/SiO2,Hf-Na2WO4/SiO2,Mn-K2MoO4/SiO2,Mn-K2WO4/SiO2,Mn-Na2WO4/MgO,Mn-Na2WO4/Nb2O5,Mn-Na2WO4/ZSM-5,Mn-SrWO4/SiO2,Mo-Na2WO4/SiO2,Nd-Na2WO4/SiO2,2.2348917208145247,2.062752752643761,3.67014095152045,4.711500025170466,1.2881417017115118,2.247039021724944,2.308067298530063,1.7853069840630027,1.626710236551662,2.017581105125493
rf,base+atom_numbers+support,no,49,0,10,203,0.2142132406351405,2.081875257943267,9.121193700420816,,Hf-Na2WO4/SiO2,Mn-MgWO4/SiO2,Mn-MoOx/SiO2,Mn-Na2WO4/Al2O3,Mn-Na2WO4/MgO,Mn-SrWO4/SiO2,Na2WO4/SiO2,Tb-Na2WO4/SiO2,TiO2,Zr-Na2WO4/SiO2,1.9689573777020728,1.547311675017115,3.565629468813226,1.6684727870518163,1.0365444309453398,1.6636480433062573,5.267331816154831,1.636319014703302,1.1469236514513537,1.3176143142873562
rf,base+atom_numbers+support,no,49,0,10,204,0.419617325781383,2.1694884543134285,8.315376686286992,,Co-Na2WO4/SiO2,Eu-Na2WO4/SiO2,Mn-FeMoO4/SiO2,Mn-MgWO4/SiO2,Mn-MoOx/SiO2,Mn-Na2WO4/BEA,Mn-Na2WO4/SiCnf,Mn-Na2WO4/TiO2,SiO2,Y-Na2WO4/SiO2,2.2667852571048086,2.004223160977793,1.491953696473698,1.6114644062252834,2.7397372848240367,1.7293292024976283,1.9823084806885705,2.8831011767733026,2.1548005109821298,2.831181366587031
rf,base+atom_numbers+support,no,49,0,10,280,0.0622242198944887,1.9890788437242173,8.236915653884688,,BEA,BN,Blank,Ce-Na2WO4/SiO2,Cu-Na2WO4/SiO2,Mn-FeMoO4/SiO2,Mn-Na2WO4/SiCnf,Mn-SrWO4/SiO2,Na/SiO2,Nb2O5,0.885001863039101,2.050137944952076,1.4779895122282545,1.4724193975752042,2.663048845571954,1.522466270410151,1.9357350539932148,1.5333776669387558,5.8725257246026015,1.1253273047439272
rf,base+atom_numbers+support,no,49,0,10,214,0.4014029459028619,2.009571243321332,6.935313913097577,,BN,Co-Na2WO4/SiO2,Cu-Na2WO4/SiO2,La-Na2WO4/SiO2,Mn-K2WO4/SiO2,Mn-Na/SiO2,Mn-Na2MoO4/SiO2,Mn-ZnMoO4/SiO2,SiCnf,TiO2,1.941189737664624,2.203170523882585,2.616902685744022,1.7335816681751677,2.87071515018287,1.6543977572501405,2.0426691095371807,1.7968885265424264,2.165718468382112,1.0704788058521943
rf,base+atom_numbers+support,no,49,0,10,208,0.4856258060209052,1.879075341736155,6.699451221035094,,CeO2,Hf-Na2WO4/SiO2,Mn-Li2WO4/SiO2,Mn-Na2WO4/SiO2,Mn-SrWO4/SiO2,Mn-WOx/SiO2,Nb2O5,Nd-Na2WO4/SiO2,Pd-Na2WO4/SiO2,TiO2,1.4967095544940012,2.023621874752576,1.6768744049462725,2.6557416967361807,1.735514752560098,2.6718942513141988,0.9251189634203192,1.933217535929455,2.5541685907983203,1.117891792410127
rf,base+atom_numbers+support,no,49,0,10,206,0.2518489327123119,2.645460631430086,13.307057607955894,,BEA,Mn-CaWO4/SiO2,Mn-FeMoO4/SiO2,Mn-K2WO4/SiO2,Mn-MoOx/SiO2,Mn-Na2MoO4/SiO2,Mn-Na2WO4/CeO2,Mn-Na2WO4/SiCnf,Mn-Na2WO4/TiO2,Na2WO4/SiO2,0.7727687440161952,3.0691398573496937,2.529127990625452,2.5169276038491946,3.418271020091774,2.046230818606042,2.292624564738204,1.734125498601958,2.786921394407275,5.28846882201507
rf,base+atom_numbers+support,no,49,0,10,210,0.0775905731715741,2.0123966046709154,6.608601201138888,,Al2O3,BN,Fe-Na2WO4/SiO2,Mn-Li2MoO4/SiO2,Mn-MoOx/SiO2,Mn-Na2WO4/BN,Mn-Na2WO4/MgO,Mn-Na2WO4/Nb2O5,SiCnf,SiO2,1.1704823423413584,1.9506333826305335,2.0102582817658363,2.3505679450661185,2.497670820232437,2.3126057119967305,1.4884091791649066,2.482835328851076,2.2257766389162104,1.6347264157439467
rf,base+atom_numbers+support,no,49,0,10,290,0.2445465893713295,2.2154287450302226,8.113865275069529,,Eu-Na2WO4/SiO2,Mn-CaWO4/SiO2,Mn-FeMoO4/SiO2,Mn-Na/SiO2,Mn-Na2WO4/Al2O3,Mn-Na2WO4/BN,Mn-Na2WO4/TiO2,Nd-Na2WO4/SiO2,WOx/SiO2,Zr-Na2WO4/SiO2,1.9554370605140103,3.283599947138968,2.426984517345271,1.6714887636272469,1.7178362082086611,1.8554909995529725,2.786948677870566,1.8964189878148816,3.178991698525373,1.3810905897042758
rf,base+atom_numbers+support,no,49,0,10,209,0.5338799762869808,1.7272862218802738,6.198349109043794,,Al2O3,BN,MgO,Mn-Li2MoO4/SiO2,Mn-Na2WO4/CeO2,Mn-Na2WO4/MgO,Mn-Na2WO4/Nb2O5,Mn-Na2WO4/SiC,Mn-Na2WO4/SiCnf,Nd-Na2WO4/SiO2,1.114849873256387,1.9506233797172496,0.7515193413570915,2.0687351691122093,2.1423593195813435,1.0155154246742912,1.9134905324260103,2.41767063887896,1.9784240002164664,1.919674539582728
rf,base+atom_numbers+support,no,49,0,10,285,0.3053264097497119,2.087719774340811,7.716608981982046,,Eu-Na2WO4/SiO2,Fe-Na2WO4/SiO2,Mn-Li2MoO4/SiO2,Mn-Na2WO4/SiCnf,Mn-SrWO4/SiO2,Mn-WOx/SiO2,Mn-ZnMoO4/SiO2,Nd-Na2WO4/SiO2,V-Na2WO4/SiO2,Zn-Na2WO4/SiO2,1.9515725382310771,1.9931295979134889,2.2338021527409526,1.824094925187489,1.2140526298521226,2.6435557587036764,1.8280107362769584,1.9310474053700448,3.850869139259456,1.407062859872842
rf,base+atom_numbers+support,no,49,0,10,288,0.3640034233307706,2.1252138289391307,8.789317814246779,,BEA,Mn-Li2MoO4/SiO2,Mn-Na2WO4/SiO2,Mn-WOx/SiO2,Mo-Na2WO4/SiO2,Na2WO4/SiO2,Ni-Na2WO4/SiO2,Y-Na2WO4/SiO2,Zr-Na2WO4/SiO2,ZrO2,0.9120256985793164,2.094151460650476,2.6104924715425786,2.699502297492449,1.2991213504914845,3.760977931691144,2.687944338839702,2.8639361045127454,1.361888298245539,0.96209833734587
rf,base+atom_numbers+support,no,49,0,10,293,0.1183257404811966,2.736688169712172,13.55643416612583,,Co-Na2WO4/SiO2,Cu-Na2WO4/SiO2,Mn-K2MoO4/SiO2,Mn-K2WO4/SiO2,Mn-Na2WO4/ZSM-5,Mo-Na2WO4/SiO2,Pd-Na2WO4/SiO2,Tb-Na2WO4/SiO2,WOx/SiO2,Y-Na2WO4/SiO2,2.239052618146812,2.5807886936514874,2.9867309903489163,4.4343537302696,2.302670843534853,1.3747431358048745,2.606622441620536,1.664325084341377,4.225881958448564,2.951712200954699
rf,base+atom_numbers+support,no,49,0,10,295,0.3491845784867624,1.9709466049035649,7.148989111974012,,Eu-Na2WO4/SiO2,MgO,Mn-K2MoO4/SiO2,Mn-Li2MoO4/SiO2,Mn-WOx/SiO2,Na2WO4/SiO2,Nb2O5,SiC,Y-Na2WO4/SiO2,ZrO2,1.9621981922663332,1.0113249987852948,1.7196294700547128,2.044766647435436,2.714866411637922,3.397985735906648,0.953584830050612,1.9918473377388333,2.830023343981259,1.0832390811785972
rf,base+atom_numbers+support,no,49,0,10,291,0.2859836912142217,2.1040508828419098,8.665388006816483,,Blank,La-Na2WO4/SiO2,MgO,Mn-Na/SiO2,Mn-Na2WO4/SiCnf,Mo-Na2WO4/SiO2,Na2WO4/SiO2,SiCnf,V-Na2WO4/SiO2,Y-Na2WO4/SiO2,1.3309025581389389,1.7350381449125654,0.6517659769587111,1.3940445622387758,1.8608338588073647,1.3979711360249938,3.5267954497451908,2.131398942658519,4.125078982755047,2.8866792161789894
rf,base+atom_numbers+support,no,49,0,10,296,0.4059498688503914,2.0251634107928784,8.456131814958193,,Al2O3,Blank,Mn-Na2WO4/Al2O3,Mn-Na2WO4/Nb2O5,Mn-Na2WO4/ZSM-5,Mn-SrWO4/SiO2,Mo-Na2WO4/SiO2,Nd-Na2WO4/SiO2,Ni-Na2WO4/SiO2,Ti-Na2WO4/SiO2,0.9671386632363892,1.330120652704314,1.6816085409120096,2.5635123252607706,2.0047272407959973,1.545640623485114,1.3546613276040642,1.6287588774626756,2.7368108417727672,4.438655014694684
rf,base+atom_numbers+support,no,49,0,10,294,0.4881056159653725,1.8692033665505767,6.467977457896133,,BEA,Fe-Na2WO4/SiO2,Mn-Li2WO4/SiO2,Mn-Na2WO4/Al2O3,Mn-Na2WO4/SiCnf,Nd-Na2WO4/SiO2,Ni-Na2WO4/SiO2,SiC,Tb-Na2WO4/SiO2,Y-Na2WO4/SiO2,0.8498319943127901,1.861311954323241,1.6713989454928395,1.589649567188127,1.9742807737099055,1.863316794602487,2.6637788954624506,1.7419483181616775,1.6761171114560565,2.8003993107961973
rf,base+atom_numbers+support,no,49,0,10,289,0.5025493520274253,1.4952770917968228,4.635812837836442,,Al2O3,Cu-Na2WO4/SiO2,Mn-BaWO4/SiO2,Mn-Na2WO4/BN,Mn-Na2WO4/CeO2,Mn-Na2WO4/MgO,Mn-Na2WO4/SiCnf,Nb2O5,ZSM-5,ZrO2,1.0890624695980171,2.6326038489331203,1.1517183301951706,1.678603475504887,2.2341042590991504,0.8706839959118112,1.932326341051492,1.0085484131458369,1.3739704567638564,0.9811493277648856
rf,base+atom_numbers+support,no,49,0,10,297,0.3329025163758787,2.159018839659117,9.357477481089989,,BEA,Fe-Na2WO4/SiO2,Mn-K2MoO4/SiO2,Mn-Na2WO4/Al2O3,Mn-Na2WO4/BEA,Mn-Na2WO4/MgO,Mn-Na2WO4/Nb2O5,Mn-Na2WO4/ZSM-5,SiCnf,Ti-Na2WO4/SiO2,0.7841133086845224,2.0598655686344003,2.085666752093815,1.1236401605555904,1.6751475992285434,2.0517395648528924,3.016578860528978,2.008350817665524,2.530030200281743,4.25505556406516
rf,base+atom_numbers+support,no,49,0,10,286,0.1838144622738278,2.4328639048932823,10.67020112365466,,CeO2,Co-Na2WO4/SiO2,Mn-K2MoO4/SiO2,Mn-Na2WO4/SiC,Mn-Na2WO4/SiCnf,Mn-Na2WO4/ZrO2,Na/SiO2,Ni-Na2WO4/SiO2,SiC,SiO2,1.599950067728517,2.2783930975112314,1.856347183339783,2.570121924256357,2.0901746901660334,1.994531854491895,5.568396214542598,2.625540730692188,2.0145348759434265,2.253237128535675
rf,base+atom_numbers+support,no,49,0,10,298,0.5289588675113666,1.8160510945277184,6.12616609040681,,BEA,BN,Ce-Na2WO4/SiO2,Hf-Na2WO4/SiO2,Mn-K2MoO4/SiO2,Mn-MoOx/SiO2,Mn-Na2WO4/CeO2,Pd-Na2WO4/SiO2,Zn-Na2WO4/SiO2,ZrO2,0.9052245339383724,1.9197809059643427,1.5343406939017412,1.969028263380311,1.9160589386212503,2.5894078612433398,2.335280238010742,2.5728374768531976,1.4743780673347284,0.9441739660291616
rf,base+atom_numbers+support,no,49,0,10,299,0.1566343720587132,2.019631462938566,8.03779260182103,,Al2O3,Eu-Na2WO4/SiO2,Mn-Li2WO4/SiO2,Mn-Na2WO4/BN,Na/SiO2,Nb2O5,Pd-Na2WO4/SiO2,SiCnf,TiO2,Zn-Na2WO4/SiO2,1.181029688330498,1.9202823146946395,1.6493956938275116,1.8586524340738388,5.82525782814161,1.0430115443413202,2.538355205236372,2.249502698863361,1.1244426094678774,1.440655673275805
rf,base+atom_numbers+support,no,49,0,10,300,0.2164939165592013,2.29249065497174,8.807834470010427,,CeO2,Eu-Na2WO4/SiO2,Mn-Na2WO4/BN,Mn-ZnMoO4/SiO2,Na/SiO2,Nd-Na2WO4/SiO2,Ni-Na2WO4/SiO2,Pd-Na2WO4/SiO2,WOx/SiO2,Zr-Na2WO4/SiO2,1.4940766056995851,1.901745312802328,1.8591086345638723,1.9478246653834437,5.181166569616263,1.845161353813009,2.521553876155736,2.4968232624321254,2.8481729079749214,1.3107193470502054
rf,base+atom_numbers+support,no,49,0,10,292,0.4195639299527883,1.9666256873314008,7.592891659465527,,Ce-Na2WO4/SiO2,Eu-Na2WO4/SiO2,MgO,Mn-K2MoO4/SiO2,Mn-Li2MoO4/SiO2,Mn-Li2WO4/SiO2,Mn-Na2WO4/ZrO2,Na/SiO2,Na2WO4/SiO2,ZSM-5,1.5039013473459992,1.9123088890024225,0.7969440536835636,1.6908041617107217,2.037005635068576,1.858901261260236,2.06194872787683,4.808683159193351,2.1315829063694323,1.3378529771131995
rf,base+atom_numbers+support,no,49,0,10,216,0.1147417199820258,2.2924130253908936,9.867263985519145,,BN,Mn-MgWO4/SiO2,Mn-Na2WO4/BEA,Mn-Na2WO4/CeO2,Mn-Na2WO4/MgO,Mn-WOx/SiO2,Nd-Na2WO4/SiO2,SiC,V-Na2WO4/SiO2,Y-Na2WO4/SiO2,1.7601149810125707,1.4815133142123953,1.903197761998936,2.8240849910859422,0.9835513832424536,2.6019849138116204,1.597796800802386,2.389780923822413,4.994840642569607,2.387264541350616
rf,base+atom_numbers+support,no,49,0,10,223,0.3536817312357208,1.7635487719881888,5.679488469236665,,Al2O3,Blank,Cu-Na2WO4/SiO2,Fe-Na2WO4/SiO2,La-Na2WO4/SiO2,Mn-Li2WO4/SiO2,Mn-WOx/SiO2,Mn-ZnMoO4/SiO2,Mo-Na2WO4/SiO2,TiO2,1.168397179063815,1.3406299955074104,2.671180868858952,1.947212545246389,1.7515258893138663,1.6121887618085478,2.7335673424872846,1.7885939796939927,1.4729952556114887,1.149195902290141
rf,base+atom_numbers+support,no,49,0,10,251,0.0616679294878821,2.118369858554844,9.351758957863364,,Co-Na2WO4/SiO2,Eu-Na2WO4/SiO2,MgO,Mn-CaWO4/SiO2,Nd-Na2WO4/SiO2,SiC,SiCnf,V-Na2WO4/SiO2,Zn-Na2WO4/SiO2,Zr-Na2WO4/SiO2,1.9288127626873983,1.588230105419198,0.6038962797966472,4.061048816820712,1.5348848725572528,1.4904407195125466,2.2978048089899694,5.111112528111806,1.2142469318670197,1.3532207597858856
rf,base+atom_numbers+support,no,49,0,10,260,0.4779461432727475,2.037098786280422,7.815985519851955,,Co-Na2WO4/SiO2,Eu-Na2WO4/SiO2,Mn-MgWO4/SiO2,Mn-Na2WO4/SiC,Mn-Na2WO4/SiO2,Nd-Na2WO4/SiO2,SiO2,Tb-Na2WO4/SiO2,Y-Na2WO4/SiO2,ZSM-5,2.243072773173886,1.930083526867832,1.6683329515769885,2.456923650857952,2.6101369628972018,1.8772677134389584,2.0004650966043176,1.6457093063754078,2.7171103141544,1.2218855668572737
rf,base+atom_numbers+support,no,49,0,10,271,0.4334125005487804,1.9051807278086497,7.783198016241626,,Al2O3,BN,Ce-Na2WO4/SiO2,MgO,Mn-FeMoO4/SiO2,Mn-Na2WO4/CeO2,Mn-ZnMoO4/SiO2,Pd-Na2WO4/SiO2,Ti-Na2WO4/SiO2,Y-Na2WO4/SiO2,1.043240830626292,1.8639717380182448,1.2685000313873562,0.4543577707193176,0.7979572965343541,2.584592949015603,2.060447907321747,2.3875124012539035,4.108996112419076,2.4822302407906025
rf,base+atom_numbers+support,no,49,0,10,218,0.5295817913916947,1.648332428559833,5.987698987748758,,BEA,Mn-FeMoO4/SiO2,Mn-MgWO4/SiO2,Mn-Na2WO4/BEA,Mn-Na2WO4/CeO2,Mn-Na2WO4/SiO2,Mn-ZnMoO4/SiO2,Mo-Na2WO4/SiO2,Tb-Na2WO4/SiO2,ZSM-5,0.8570265570819052,0.9053278943788504,1.6454279603097473,1.746712091358236,2.5161307310319043,2.6527762816285816,1.7863658378458307,1.3470251307205166,1.67603143063119,1.35050037061157
rf,base+atom_numbers+support,no,49,0,10,270,0.5334295461507489,1.7157642012046233,5.624542261786796,,CeO2,Eu-Na2WO4/SiO2,Mn-Na2MoO4/SiO2,Mn-Na2WO4/CeO2,Mn-Na2WO4/MgO,Mn-Na2WO4/SiCnf,Mn-ZnMoO4/SiO2,SiCnf,Tb-Na2WO4/SiO2,ZrO2,1.467643295323724,1.9921325623032664,2.096683066208295,2.320759017583544,0.828356831601196,1.9538009561088472,1.828548241706559,2.0639601006141155,1.6696277355020417,0.9361302050946422
rf,base+atom_numbers+support,no,49,0,10,244,0.1909127376669231,2.1249176539254626,9.113155852626528,,Al2O3,Co-Na2WO4/SiO2,Eu-Na2WO4/SiO2,Mn-Na/SiO2,Mn-Na2WO4/SiC,V-Na2WO4/SiO2,WOx/SiO2,ZSM-5,Zn-Na2WO4/SiO2,ZrO2,0.9487721985005316,1.96182959008855,1.598121497332075,1.6538075031414337,3.048898764092528,5.192900479103313,3.3137158428197075,1.53126888088868,1.112425782834803,0.8874360004530067
rf,base+atom_numbers+support,no,49,0,10,263,-0.3545929384448341,2.460978251077307,11.209413682283008,,CeO2,Mn-FeMoO4/SiO2,Mn-Na/SiO2,Na/SiO2,Ni-Na2WO4/SiO2,SiCnf,Tb-Na2WO4/SiO2,TiO2,V-Na2WO4/SiO2,ZSM-5,1.2655152788980046,1.7420158985397551,2.0452166270297583,5.226416023407445,2.319129920919744,3.0821938781692397,1.19312448748495,1.1530851442827414,5.378578511348303,1.6654130360814832
rf,base+atom_numbers+support,no,49,0,10,221,0.5431845472230342,1.7512919592838785,5.926141398924647,,Ce-Na2WO4/SiO2,CeO2,Mn-BaWO4/SiO2,Mn-K2WO4/SiO2,Mn-Na2WO4/SiCnf,Mn-ZnMoO4/SiO2,Ni-Na2WO4/SiO2,TiO2,ZSM-5,Zr-Na2WO4/SiO2,1.5402699639995854,1.5105890075767334,1.1798028211926346,2.897260072635594,2.0169086164550123,1.9075932667015747,2.6654211047427063,1.0676261199985622,1.3840859809203314,1.3433626386160482
rf,base+atom_numbers+support,no,49,0,10,224,0.5208443804243281,1.901462104547844,6.855025697876733,,La-Na2WO4/SiO2,MgO,Mn-K2WO4/SiO2,Mn-Li2WO4/SiO2,Mn-Na2WO4/BEA,Mn-Na2WO4/SiC,Mn-WOx/SiO2,Ni-Na2WO4/SiO2,Pd-Na2WO4/SiO2,Zn-Na2WO4/SiO2,1.4061670005805649,0.689507328486862,2.539308182413475,1.664545431272917,1.590429822925758,2.3608514734106305,2.6942922192337595,2.4929586603153293,2.4315813528244314,1.144979574014709
rf,base+atom_numbers+support,no,49,0,10,245,0.3754365459607285,1.801872469701278,6.366945677475452,,BEA,Blank,Cu-Na2WO4/SiO2,Mn-FeMoO4/SiO2,Mn-Li2MoO4/SiO2,Mn-Na2WO4/SiC,Nb2O5,Tb-Na2WO4/SiO2,Y-Na2WO4/SiO2,Zn-Na2WO4/SiO2,0.8697464565978167,1.3234805196818655,2.66501741578777,1.57249980153845,2.156913247683945,2.2665790342013405,1.0112848291729628,1.6707673430874923,2.936744309366975,1.5456917398941628
rf,base+atom_numbers+support,no,49,0,10,259,0.5027145496978023,1.712211333092985,5.713011541826328,,BEA,BN,Ce-Na2WO4/SiO2,Mn-CaWO4/SiO2,Mn-Na2WO4/SiCnf,Nb2O5,Ni-Na2WO4/SiO2,Tb-Na2WO4/SiO2,TiO2,Zr-Na2WO4/SiO2,0.901641054889336,1.9535599569806588,1.4732270992131171,3.238908002985446,1.942908447884348,1.0266413818660851,2.5433907832515907,1.6210811289669422,1.0692264647519891,1.351529010140336
rf,base+atom_numbers+support,no,49,0,10,227,0.2049765198851284,2.4039926090455785,10.592607192055883,,Al2O3,BEA,CeO2,Co-Na2WO4/SiO2,Cu-Na2WO4/SiO2,Mn-CaWO4/SiO2,Mn-Na2WO4/SiCnf,Na/SiO2,Ti-Na2WO4/SiO2,WOx/SiO2,1.136793357332827,1.0048677240122166,1.5647448868028913,2.1463245848581245,2.6124568212693173,3.47566864100431,1.91535291611915,4.258873024806982,3.4769739784592097,2.75701689175099
rf,base+atom_numbers+support,no,49,0,10,246,0.0701115607879587,2.8282888527569523,15.129851275305626,,Cu-Na2WO4/SiO2,Mn-MoOx/SiO2,Mn-Na2WO4/CeO2,Mn-Na2WO4/SiC,Mn-Na2WO4/SiO2,Mn-ZnMoO4/SiO2,Nd-Na2WO4/SiO2,Pd-Na2WO4/SiO2,SiCnf,V-Na2WO4/SiO2,3.640614196605417,2.742217687159316,2.717720507928536,3.627394359223581,1.5473651851580454,1.9020456344854544,1.0991150644706456,2.3645217634959828,3.022669391610413,5.619224737432132
rf,base+atom_numbers+support,no,49,0,10,222,0.2176547287189436,2.1544538148490004,8.33194273681117,,BEA,Cu-Na2WO4/SiO2,Mn-CaWO4/SiO2,Mn-K2WO4/SiO2,Mn-Li2MoO4/SiO2,Mn-Na2MoO4/SiO2,Mn-Na2WO4/Al2O3,Mn-Na2WO4/BEA,Mn-Na2WO4/MgO,Y-Na2WO4/SiO2,0.8916361327445901,2.7530340996070213,3.3756821569239497,2.509961179908188,2.1374331968222675,2.158393324321198,1.921252036049147,1.7690058942601996,1.1553563484181848,2.8727837794352618
rf,base+atom_numbers+support,no,49,0,10,255,0.472675273277146,2.1186500322535324,8.322234126740982,,Blank,Eu-Na2WO4/SiO2,Hf-Na2WO4/SiO2,Mn-K2MoO4/SiO2,Mn-Na2WO4/Al2O3,Mn-Na2WO4/TiO2,Ti-Na2WO4/SiO2,WOx/SiO2,ZSM-5,ZrO2,1.3271304577009035,1.9688195058707776,1.9904295949811053,2.1782540612140013,1.6032253653840232,2.840219596225331,3.520343004169943,3.385411715866865,1.403640010674916,0.9690270104474578
rf,base+atom_numbers+support,no,49,0,10,235,0.3459305476746807,1.917329771639163,6.9032843637814425,,Mn-CaWO4/SiO2,Mn-Na2WO4/Al2O3,Mn-Na2WO4/MgO,Mn-Na2WO4/Nb2O5,Mn-Na2WO4/SiC,Mn-Na2WO4/SiCnf,Mn-SrWO4/SiO2,Mo-Na2WO4/SiO2,SiCnf,TiO2,3.2313322690297928,1.7185313526483166,1.0975646753055672,2.0259818423256584,2.337901988954932,1.9272031219381,2.231043407419326,1.3990001129824752,2.1192064104594626,1.0855325353280023
rf,base+atom_numbers+support,no,49,0,10,243,0.3982756906865494,2.2285957605406352,9.434890565651282,,Cu-Na2WO4/SiO2,Mn-K2MoO4/SiO2,Mn-Na2MoO4/SiO2,Mn-Na2WO4/Nb2O5,Mn-Na2WO4/SiO2,Mn-Na2WO4/ZSM-5,Mn-SrWO4/SiO2,Nd-Na2WO4/SiO2,Ni-Na2WO4/SiO2,Pd-Na2WO4/SiO2,2.414496019907976,2.0303990191189407,2.171054306867099,1.8133560686440848,2.661338568067829,2.3940217494092564,1.6395341364025402,1.8231971237734117,2.7160981908965773,2.6224624223186344
rf,base+atom_numbers+support,no,49,0,10,274,0.125353430695155,2.1077284026086014,11.271729519789194,,Co-Na2WO4/SiO2,MgO,Mn-BaWO4/SiO2,Mn-MgWO4/SiO2,Mn-Na2WO4/Al2O3,Mn-Na2WO4/MgO,Na2WO4/SiO2,Ti-Na2WO4/SiO2,Zn-Na2WO4/SiO2,ZrO2,1.9492424333535656,0.6474765014173065,1.1529312267098015,1.3894217472067447,1.5785377096140738,1.3141414075225246,5.439190337967805,5.625100179744671,1.1398459571803736,0.8413965253691468
rf,base+atom_numbers+support,no,49,0,10,241,0.3203785980953227,1.9577939515945728,6.624027969954282,,CeO2,La-Na2WO4/SiO2,Mn-CaWO4/SiO2,Mn-Na2WO4/BEA,Mn-Na2WO4/SiC,Mn-ZnMoO4/SiO2,SiC,SiO2,Tb-Na2WO4/SiO2,ZSM-5,1.6017577425580551,1.7215025152183443,3.1434642753518287,1.7153835650194986,2.3927553202396448,1.8372453542636251,2.0468392501577863,2.250761612049997,1.6517503803402755,1.216479500746671
rf,base+atom_numbers+support,no,49,0,10,257,0.4573396168979228,1.8437703539581431,6.039231113362519,,Co-Na2WO4/SiO2,Hf-Na2WO4/SiO2,La-Na2WO4/SiO2,Mn-BaWO4/SiO2,Mn-MgWO4/SiO2,Mn-MoOx/SiO2,Mn-Na2WO4/BEA,Mn-Na2WO4/BN,Nb2O5,Pd-Na2WO4/SiO2,2.2193502893420884,1.900727122173876,1.6946919827404134,1.150142567684228,1.5884695827569,2.790572622786127,1.7355237613800707,1.841425702724879,0.9502595016011642,2.5665404063916832
rf,base+atom_numbers+support,no,49,0,10,277,0.4990467281290037,1.898671193685272,6.964460759391843,,Eu-Na2WO4/SiO2,MgO,Mn-MgWO4/SiO2,Mn-Na2WO4/Al2O3,Mn-Na2WO4/CeO2,Mn-Na2WO4/Nb2O5,Mn-Na2WO4/SiCnf,Mn-Na2WO4/TiO2,Y-Na2WO4/SiO2,ZSM-5,1.9087966268853644,0.7966787803080507,1.6220611064868091,1.693859725708683,2.136817706336928,1.9602886315394448,1.92886674826398,2.807285145019437,2.779663988438888,1.3523934778651308
rf,base+atom_numbers+support,no,49,0,10,219,0.3123048150805512,1.8735793709276376,5.426823369084597,,Blank,Mn-FeMoO4/SiO2,Mn-Li2MoO4/SiO2,Mn-Na2WO4/Al2O3,Mn-Na2WO4/BEA,Pd-Na2WO4/SiO2,SiC,SiCnf,WOx/SiO2,ZrO2,1.3290697660514896,1.5370501431283057,2.1563322390875985,1.8672844146843977,1.7870022272360144,2.572868282513536,1.4849912910666252,2.08882258465347,2.7968563052962696,1.115516455558671
rf,base+atom_numbers+support,no,49,0,10,201,0.0927809288195848,2.185876559147939,7.639971117970903,,Co-Na2WO4/SiO2,Mn-K2MoO4/SiO2,Mn-Li2MoO4/SiO2,Mn-Na2WO4/BN,SiC,SiO2,TiO2,WOx/SiO2,ZSM-5,ZrO2,1.5305570854237631,2.32404061001491,1.2665828415256954,2.458626839509274,1.8247137973467733,3.3510190166763687,1.8290110446400147,4.186537473841877,1.1636128678006674,1.9240640147000472
rf,base+atom_numbers+support,no,49,0,10,229,0.5411686009724168,1.9209210052060872,6.916385686618796,,Blank,CeO2,Hf-Na2WO4/SiO2,La-Na2WO4/SiO2,Mn-K2WO4/SiO2,Mn-MgWO4/SiO2,Mn-Na2WO4/TiO2,Mn-SrWO4/SiO2,Ni-Na2WO4/SiO2,ZrO2,1.260829305243676,1.5081999127719277,1.9724595205895792,1.7004098308612592,2.8029097388449564,1.6459769583139747,2.915709538187661,1.7535345309172892,2.6662085139046434,0.9829722024259036
rf,base+atom_numbers+support,no,49,0,10,231,-0.0199802938572077,2.640004684506179,13.707401683200432,,CeO2,Mn-K2MoO4/SiO2,Mn-K2WO4/SiO2,Mn-Na2WO4/MgO,Mn-Na2WO4/TiO2,Mn-WOx/SiO2,Nd-Na2WO4/SiO2,TiO2,V-Na2WO4/SiO2,ZSM-5,1.359233795239359,3.6863608480903314,5.010708178040961,1.2759917614454546,2.5670145842149275,2.4944281093838927,1.6416722977771845,1.5378396370945546,5.238442695214819,1.5883549385603066
rf,base+atom_numbers+support,no,49,0,10,233,0.3239635001189521,2.305531165511448,10.635645097655445,,Blank,Ce-Na2WO4/SiO2,Mn-K2WO4/SiO2,Mn-MgWO4/SiO2,Mn-Na2WO4/CeO2,Mn-Na2WO4/SiCnf,Na/SiO2,Nb2O5,Pd-Na2WO4/SiO2,Y-Na2WO4/SiO2,1.304648731719486,1.4820614325926034,2.70849701126914,1.655063493266775,2.392224569132615,1.9844463072104763,5.7573608893310055,1.0051196360786312,2.5638149669115897,2.777379571572084
rf,base+atom_numbers+support,no,49,0,10,249,0.4105027905124774,1.842326316684768,6.522995401977635,,Blank,Eu-Na2WO4/SiO2,Hf-Na2WO4/SiO2,Mn-BaWO4/SiO2,Mn-Na/SiO2,Mn-WOx/SiO2,Na2WO4/SiO2,Nb2O5,Tb-Na2WO4/SiO2,Zr-Na2WO4/SiO2,1.323450505717848,1.988771430992423,2.0161654291190456,1.1719012251031184,1.4753972155428363,2.721949601788124,3.6887108688952193,1.012620136570085,1.6619572881672495,1.3623394649517306
rf,base+atom_numbers+support,no,49,0,10,232,0.2508944659335236,2.5109062756839,13.010127053897843,,CeO2,Co-Na2WO4/SiO2,Mn-BaWO4/SiO2,Mn-K2WO4/SiO2,Mn-MoOx/SiO2,Mn-Na2WO4/Nb2O5,Mn-Na2WO4/SiC,Mn-Na2WO4/SiCnf,Mn-Na2WO4/ZSM-5,Na2WO4/SiO2,1.4661729621662145,2.281151957496778,1.1464913724569086,2.778714758620302,3.507151848256564,1.676605040818933,2.543567474476077,2.0765093838719806,2.483120811990135,5.149577146685106
rf,base+atom_numbers+support,no,49,0,10,265,0.0826468299601144,2.855981662969048,14.687738696132936,,Fe-Na2WO4/SiO2,Mn-K2MoO4/SiO2,Mn-K2WO4/SiO2,Mn-MgWO4/SiO2,Mn-MoOx/SiO2,Na2WO4/SiO2,Pd-Na2WO4/SiO2,SiC,WOx/SiO2,Y-Na2WO4/SiO2,1.8490793204659628,3.1785490416348674,4.397197871796051,1.5730201910239956,3.772059243529596,4.4577639661152055,2.598472680078133,1.7206651208780934,2.207063494527441,2.805945699641137
rf,base+atom_numbers+support,no,49,0,10,236,0.4266288824815394,2.065879347502156,7.414297794472147,,Eu-Na2WO4/SiO2,Mn-Na2WO4/SiCnf,Mn-Na2WO4/ZrO2,Mn-ZnMoO4/SiO2,SiC,SiCnf,Ti-Na2WO4/SiO2,V-Na2WO4/SiO2,ZSM-5,Zr-Na2WO4/SiO2,1.6035466383537218,1.6137233443892327,2.507909353814425,1.9434914566682853,1.4522541110839806,2.415263212482747,2.6975665676606115,3.65509713342109,1.5202982475897528,1.2496434095577134
rf,base+atom_numbers+support,no,49,0,10,242,0.2887718517229675,1.8585847806799485,5.808424521185754,,Hf-Na2WO4/SiO2,Mn-Na2WO4/BN,Mn-Na2WO4/MgO,Mn-Na2WO4/Nb2O5,Mo-Na2WO4/SiO2,Pd-Na2WO4/SiO2,SiC,TiO2,WOx/SiO2,Zr-Na2WO4/SiO2,1.962287930559383,2.0340110174323924,1.271103412020239,2.222101246811784,1.3490210171921495,2.513339394985738,1.7670451478207954,1.1269395037754928,2.9905098874539364,1.3494892487475727
rf,base+atom_numbers+support,no,49,0,10,239,0.3146486800756902,2.3316072464390194,10.061638758350192,,CeO2,Co-Na2WO4/SiO2,Mn-Li2WO4/SiO2,Mn-Na2WO4/BEA,Mn-Na2WO4/SiO2,Mn-Na2WO4/ZrO2,Mn-WOx/SiO2,Ni-Na2WO4/SiO2,SiC,Ti-Na2WO4/SiO2,1.5685895387468032,2.361677144412028,1.758231241594606,1.7309291759412004,2.790133330630137,2.1064171074487485,2.7282153540294294,2.780403710236336,1.8531433663398829,3.638332495011024
rf,base+atom_numbers+support,no,49,0,10,273,0.3850371914780768,1.9589750145915583,7.26954676448848,,Blank,Eu-Na2WO4/SiO2,MgO,Mn-CaWO4/SiO2,Mn-Li2MoO4/SiO2,Mn-Na/SiO2,Mn-Na2MoO4/SiO2,Mn-Na2WO4/TiO2,SiCnf,Tb-Na2WO4/SiO2,1.4453093351569484,1.6764771153967135,0.4380265933766505,3.842052030062686,1.9598683531026009,1.4996142278992874,2.020003141504286,2.688550069639557,2.624603130723215,1.3952461490536423
rf,base+atom_numbers+support,no,49,0,10,268,0.4320478745452543,2.09371448861978,8.183326881425405,,Ce-Na2WO4/SiO2,Co-Na2WO4/SiO2,La-Na2WO4/SiO2,Mn-K2MoO4/SiO2,Mn-Na2WO4/Al2O3,Mn-Na2WO4/CeO2,Mn-Na2WO4/ZSM-5,SiCnf,WOx/SiO2,ZrO2,1.4847764990124046,2.270683242807659,1.7139514251066,2.1757319934083106,1.5338582187590235,2.2903255623378613,2.402086028137316,2.144211941354981,4.040376671949839,0.881143303323799
rf,base+atom_numbers+support,no,49,0,10,252,0.4960162612288942,1.5590077517645144,4.579347356759259,,Al2O3,Hf-Na2WO4/SiO2,La-Na2WO4/SiO2,Mn-BaWO4/SiO2,Mn-FeMoO4/SiO2,Mn-Li2MoO4/SiO2,Mn-Li2WO4/SiO2,Mn-Na2WO4/MgO,Mn-Na2WO4/ZrO2,Nb2O5,1.0731971020508189,1.9830795680918425,1.7133321744261492,1.168645493977413,1.650085625921027,2.0150610411402408,2.033019754419421,1.0808137468956334,1.904777878478217,0.9680651322443834
rf,base+atom_numbers+support,no,49,0,10,262,0.4187804057517231,1.9855269181657889,7.422657691001314,,Co-Na2WO4/SiO2,La-Na2WO4/SiO2,Mn-FeMoO4/SiO2,Mn-K2WO4/SiO2,Mn-Na2WO4/BN,Mn-WOx/SiO2,Ti-Na2WO4/SiO2,ZSM-5,Zn-Na2WO4/SiO2,ZrO2,2.246186237806855,1.7065080471968086,1.5236512097518005,2.6324892717645443,1.799902221043266,2.7124504385088577,3.3715072565381967,1.4884487073443198,1.433127857879712,0.9409979338235264
rf,base+atom_numbers+support,no,49,0,10,220,0.428711133002521,1.945261203221719,6.580292653023743,,Co-Na2WO4/SiO2,Fe-Na2WO4/SiO2,Mn-BaWO4/SiO2,Mn-CaWO4/SiO2,Mn-K2WO4/SiO2,Mn-Na/SiO2,SiCnf,ZSM-5,Zn-Na2WO4/SiO2,Zr-Na2WO4/SiO2,2.23804593099971,1.9030535474378356,1.2328581884137402,3.1837123219458543,2.646092586842584,1.6571228230191168,2.2191304854528555,1.5007753766880378,1.489590413140202,1.3822303582772533
rf,base+atom_numbers+support,no,49,0,10,254,0.0370745790982361,1.901438770877242,7.218199054193866,,Co-Na2WO4/SiO2,MgO,Mn-FeMoO4/SiO2,Mn-MgWO4/SiO2,Mn-Na2WO4/BN,Mn-SrWO4/SiO2,Mo-Na2WO4/SiO2,Na/SiO2,Nb2O5,SiC,2.176544266303752,0.9233383068290758,1.5543130042779028,1.6150035621756882,1.8632254011573224,1.5817982706986922,1.4399883745932,5.6735927335528,0.9447059813812708,1.8705701349153083
rf,base+atom_numbers+support,no,49,0,10,272,0.4599491757307609,1.8786005809950568,6.693681905509168,,BN,La-Na2WO4/SiO2,Mn-BaWO4/SiO2,Mn-FeMoO4/SiO2,Mn-Na2WO4/SiC,Mn-ZnMoO4/SiO2,SiO2,Tb-Na2WO4/SiO2,Ti-Na2WO4/SiO2,Zr-Na2WO4/SiO2,1.861923661662623,1.6773172681212505,1.2769441750199615,0.907254751132048,2.407804287806224,2.1428172185134806,2.148442562704753,1.6244050618877408,3.366573199638605,1.3725236234638882
rf,base+atom_numbers+support,no,49,0,10,256,0.2772149875317153,2.283380034622204,8.85491920941927,,Mn-CaWO4/SiO2,Mn-Na2MoO4/SiO2,Mn-Na2WO4/Al2O3,Nb2O5,Ni-Na2WO4/SiO2,Ti-Na2WO4/SiO2,TiO2,V-Na2WO4/SiO2,WOx/SiO2,Zn-Na2WO4/SiO2,3.492715631063121,2.103625407158369,1.9278821530118115,0.9543280197967772,2.623040549232567,2.855270271894965,1.0849485822113014,3.4612422337408333,2.952979922113159,1.3777675759991337
rf,base+atom_numbers+support,no,49,0,10,228,0.2026625490738778,2.1936372770329,10.079543988149611,,MgO,Mn-K2WO4/SiO2,Mn-MoOx/SiO2,Mn-WOx/SiO2,Na2WO4/SiO2,Nd-Na2WO4/SiO2,SiO2,Tb-Na2WO4/SiO2,ZSM-5,Zn-Na2WO4/SiO2,0.8348167843747117,2.690710220398864,3.5563572576512623,1.141579731550889,5.38317788919554,1.912520103648594,2.198981938524836,1.6463155237208529,1.182742384315019,1.389170936948425
rf,base+atom_numbers+support,no,49,0,10,267,0.3474645323859987,1.9250782533035449,6.538597565187554,,Blank,Ce-Na2WO4/SiO2,Cu-Na2WO4/SiO2,Mn-FeMoO4/SiO2,Mn-K2WO4/SiO2,Mn-Na2WO4/Al2O3,Mn-Na2WO4/BEA,Mn-Na2WO4/BN,Mn-Na2WO4/MgO,Y-Na2WO4/SiO2,1.285026468508371,1.497120506322047,2.660080130796669,1.592593590527154,2.59761660655059,1.872756726300204,1.7877913390191178,1.9009609462839332,1.141662816397696,2.915173402329668
rf,base+atom_numbers+support,no,49,0,10,269,0.4452254243096413,1.945205462728241,7.56709162742481,,Hf-Na2WO4/SiO2,Mn-FeMoO4/SiO2,Mn-Li2MoO4/SiO2,Mn-Li2WO4/SiO2,Mn-Na/SiO2,Mn-Na2MoO4/SiO2,Mn-Na2WO4/MgO,Mn-Na2WO4/SiC,Na2WO4/SiO2,ZSM-5,2.0004124927490907,1.5357132338591155,2.0285628323656906,1.9632520541336305,1.459845714220504,2.107604190805989,1.0219027777749448,2.383916202219936,3.614211984746732,1.3366331444067725
rf,base+atom_numbers+support,no,49,0,10,261,0.3765477587504876,1.83318879048376,5.510555965071236,,CeO2,Eu-Na2WO4/SiO2,La-Na2WO4/SiO2,Mn-Na2WO4/Al2O3,Mn-Na2WO4/CeO2,Mn-Na2WO4/MgO,Mn-SrWO4/SiO2,SiO2,WOx/SiO2,ZrO2,1.5365531108758137,1.969234024679421,1.740036324639085,1.698922220181717,2.234987661522747,1.0043484244427507,1.6496773057661125,2.388307369760218,2.985829207690785,1.1239922552789474
rf,base+atom_numbers+support,no,49,0,10,250,0.2617484085568339,2.0523837702929586,7.274812635270242,,Ce-Na2WO4/SiO2,Fe-Na2WO4/SiO2,MgO,Mn-CaWO4/SiO2,Mn-Na/SiO2,Mn-Na2WO4/Al2O3,Mn-Na2WO4/Nb2O5,Mn-Na2WO4/SiC,SiC,WOx/SiO2,1.5588996420752457,1.90767644174838,0.9488602985933688,3.363779596389032,1.8059381965946248,1.7908416731238064,2.0357717412322702,2.281528148278727,1.9323006709452373,2.898241293948894
rf,base+atom_numbers+support,no,49,0,10,247,0.4873996016181191,1.90855557851784,6.955577489163137,,Hf-Na2WO4/SiO2,Mn-FeMoO4/SiO2,Mn-MoOx/SiO2,Mn-Na/SiO2,Mn-Na2WO4/MgO,Mn-Na2WO4/SiO2,Mn-Na2WO4/TiO2,Mn-ZnMoO4/SiO2,TiO2,Y-Na2WO4/SiO2,1.775323230594944,0.7887514348322177,2.8349960946003643,1.714953738469416,1.105584829740366,2.354400054273349,2.858632447742657,1.975961533645706,1.23255846339319,2.444393957886191
rf,base+atom_numbers+support,no,49,0,10,275,0.3685645621092175,2.347757362350533,10.836712036686444,,Ce-Na2WO4/SiO2,CeO2,Mn-K2MoO4/SiO2,Mn-Li2MoO4/SiO2,Mn-Na2WO4/CeO2,Mn-Na2WO4/ZSM-5,Na/SiO2,Nd-Na2WO4/SiO2,SiCnf,Ti-Na2WO4/SiO2,1.566618266105178,1.448975538957132,1.7356605240687304,2.007028842276598,2.3452601579794554,2.4023873045692365,4.5425474412691305,1.9756794218742644,2.082298316233366,3.7369161566586704
rf,base+atom_numbers+support,no,49,0,10,225,0.1711421098234709,2.53451451200818,13.330434941902451,,Mn-CaWO4/SiO2,Mn-Li2WO4/SiO2,Mn-Na2WO4/CeO2,Mn-Na2WO4/TiO2,Mn-WOx/SiO2,SiCnf,SiO2,Tb-Na2WO4/SiO2,Ti-Na2WO4/SiO2,WOx/SiO2,4.307316309784484,1.302357011831535,2.680351702848418,2.578117111722836,2.3808107656221704,2.662899657274179,1.5922115849257044,0.9153782721727178,5.219973202415441,1.705729501484313
rf,base+atom_numbers+support,no,49,0,10,248,0.4793664175030656,1.737129421360742,5.232085388003473,,Al2O3,Co-Na2WO4/SiO2,Mn-Li2WO4/SiO2,Mn-Na2WO4/BEA,Nb2O5,SiC,SiCnf,SiO2,Y-Na2WO4/SiO2,Zn-Na2WO4/SiO2,0.9926409643943588,2.2537839109870554,1.5940353814676251,1.704587358741602,0.9652541707376608,1.681395665725896,1.870179114428,1.9350710711042127,2.8736633766424204,1.500683199378588
rf,base+atom_numbers+support,no,49,0,10,226,0.4705552689584009,2.097837422696242,8.001125392176537,,BN,Ce-Na2WO4/SiO2,Eu-Na2WO4/SiO2,Mn-FeMoO4/SiO2,Mn-Na2WO4/Al2O3,Mn-Na2WO4/CeO2,Mn-Na2WO4/SiO2,Mn-WOx/SiO2,Tb-Na2WO4/SiO2,Ti-Na2WO4/SiO2,1.9624533420058812,1.6143475169050625,1.8990209395792144,1.7378945389015152,1.8480103932153853,2.090664266375605,2.461020080603589,2.7598056298654683,1.5947088055133658,3.010448713997332
rf,base+atom_numbers+support,no,49,0,10,266,0.1826863408212524,2.112066876419875,9.104122653274263,,Al2O3,BEA,Ce-Na2WO4/SiO2,Co-Na2WO4/SiO2,Cu-Na2WO4/SiO2,La-Na2WO4/SiO2,Mn-Li2WO4/SiO2,Mn-Na2WO4/BEA,V-Na2WO4/SiO2,WOx/SiO2,1.1736658734466936,1.107529678309345,1.1750742064845443,1.8790534923005289,3.1476016506033995,1.32565660673913,1.3534958103766277,1.5617964388905785,5.171738903992385,3.225056103055517
rf,base+atom_numbers+support,no,49,0,10,234,0.4478482504227085,2.0740217684803754,7.664180776969139,,Co-Na2WO4/SiO2,Eu-Na2WO4/SiO2,Mn-K2WO4/SiO2,Mn-MoOx/SiO2,Mn-Na2WO4/SiO2,Mn-SrWO4/SiO2,Mn-WOx/SiO2,Mo-Na2WO4/SiO2,SiC,Y-Na2WO4/SiO2,2.2477676089478,1.986025804699996,2.6839462070543303,2.0858730868952717,2.59926486767452,1.7186995701155243,1.526449760937142,1.3401959556616068,1.7129661549121946,2.839028667905371
rf,base+atom_numbers+support,no,49,0,10,230,0.4405492682205504,1.6768681148052358,4.897785689766372,,Al2O3,CeO2,La-Na2WO4/SiO2,MgO,Mn-Na2MoO4/SiO2,Mn-Na2WO4/MgO,Mn-Na2WO4/Nb2O5,Ni-Na2WO4/SiO2,SiCnf,TiO2,1.0984599005780542,1.5442184542336097,1.6575094923591382,0.8386988279561498,2.1335256433569056,1.344860859644566,2.290106070489585,2.5800183439777906,2.1833504354415627,1.097933120014997
rf,base+atom_numbers+support,no,49,0,10,276,0.4729128903716645,1.7425189031788666,5.490829923733843,,CeO2,Mn-BaWO4/SiO2,Mn-K2MoO4/SiO2,Mn-Li2WO4/SiO2,Mn-Na2WO4/BN,Mn-Na2WO4/SiC,Mn-WOx/SiO2,TiO2,ZSM-5,ZrO2,1.55991732687266,1.1686503342906047,2.0182487938064466,1.678395273354777,1.6629556896213362,2.4227400695925065,2.5435162195821763,1.3017710634303727,1.9359747735155075,1.1330194877222783
rf,base+atom_numbers+support,no,49,0,10,264,0.2474569925660624,2.2182092202212864,9.981177628536152,,Al2O3,La-Na2WO4/SiO2,Mn-K2MoO4/SiO2,Mn-K2WO4/SiO2,Mn-Li2MoO4/SiO2,Mn-Li2WO4/SiO2,Mn-Na2WO4/Nb2O5,Pd-Na2WO4/SiO2,SiCnf,TiO2,1.1685526835012898,1.753068623375513,3.0597620959034595,4.453923515242368,1.9969219907645144,1.9428310126337995,1.9124567087322464,2.598452941205972,2.182060915426348,1.1140617154273549
rf,base+atom_numbers+support,no,49,0,10,240,0.2849051900150922,2.307563553250492,9.516327545023728,,BN,Hf-Na2WO4/SiO2,Mn-K2MoO4/SiO2,Mn-MoOx/SiO2,Mn-Na2WO4/Al2O3,Mn-Na2WO4/SiO2,Mn-Na2WO4/ZrO2,Na/SiO2,Pd-Na2WO4/SiO2,ZSM-5,1.8986822216864252,1.986233306800748,1.7709394778482632,2.551906370446483,1.5539738264151566,2.6516045056805626,1.978730596921348,5.14721198220249,2.550500518480681,1.4591274641814211
rf,base+atom_numbers+support,no,49,0,10,238,0.4747865959744168,2.23778594260124,9.48590443171463,,Blank,Mn-Na2WO4/Nb2O5,Mn-Na2WO4/SiC,Mn-Na2WO4/SiCnf,Mn-Na2WO4/ZSM-5,Mn-Na2WO4/ZrO2,Ni-Na2WO4/SiO2,SiCnf,Ti-Na2WO4/SiO2,WOx/SiO2,1.3754659993947145,1.736146246743274,2.499824587831722,2.034975370879995,2.2251446095636216,1.556937993125966,2.67177502768976,2.221703132489813,3.456930479527433,2.5989559787660954
rf,base+atom_numbers+support,no,49,0,10,253,0.0161728735571397,2.920276839433916,15.228442625930628,,BN,Co-Na2WO4/SiO2,Cu-Na2WO4/SiO2,La-Na2WO4/SiO2,Mn-K2WO4/SiO2,Mn-MoOx/SiO2,Mn-Na2WO4/SiC,Mn-Na2WO4/ZrO2,Na2WO4/SiO2,V-Na2WO4/SiO2,1.7560433787839873,1.8906835367151984,2.8999583132108224,1.3232272409382886,2.3723989763014632,3.195280636009855,2.666315430808404,2.714716107519848,5.125409536323401,5.2587352377278895
rf,base+atom_numbers+support,no,49,0,10,258,0.4676796064529915,2.111397553970605,8.71068689779557,,Eu-Na2WO4/SiO2,La-Na2WO4/SiO2,MgO,Mn-K2WO4/SiO2,Mn-Li2WO4/SiO2,Mn-MoOx/SiO2,Mn-Na2WO4/SiC,Mn-Na2WO4/TiO2,Mn-Na2WO4/ZrO2,Ni-Na2WO4/SiO2,1.98611758381224,1.7117452370514046,0.8054187688624737,2.779552918318134,1.70760799219794,2.678161946430308,2.539571640633278,2.9441522499773964,1.2888501943219026,2.6727970081009715
rf,base+atom_numbers+support,no,49,0,10,217,-0.3184660148737184,2.7152697607878657,13.10263817190139,,BEA,Mn-BaWO4/SiO2,Mn-CaWO4/SiO2,Mn-FeMoO4/SiO2,Mn-Na2WO4/CeO2,Mn-Na2WO4/ZSM-5,Mn-Na2WO4/ZrO2,Mn-SrWO4/SiO2,Na/SiO2,SiO2,0.7803060917022658,2.6042376295697074,3.6671898379738224,2.620013055252564,2.4399125283512357,2.025624398806062,2.132625063768414,3.594089905116012,5.43154835291408,2.3098638431122
rf,base+atom_numbers+support,no,49,0,10,237,0.2484968195696839,2.218397578403962,9.058532885031992,,Co-Na2WO4/SiO2,Mn-CaWO4/SiO2,Mn-Na2WO4/CeO2,Mn-Na2WO4/Nb2O5,Mn-Na2WO4/SiO2,Mo-Na2WO4/SiO2,SiO2,WOx/SiO2,Zr-Na2WO4/SiO2,ZrO2,2.0023077990339764,3.735015856259417,2.148386883770173,2.259728635662531,2.2953936651509736,1.5230548235871992,2.4964474619366435,3.4568080891110906,1.3777724887046996,0.8890600808229181
rf,base+atom_numbers+support,no,49,0,10,278,0.3951199432010486,2.046831077568785,7.816856936313862,,Al2O3,Blank,Mn-BaWO4/SiO2,Mn-K2WO4/SiO2,Mn-Li2MoO4/SiO2,Mn-Na2WO4/Al2O3,Mn-WOx/SiO2,Ti-Na2WO4/SiO2,Y-Na2WO4/SiO2,Zr-Na2WO4/SiO2,1.127950624364464,1.3277759428662037,1.1515949133553172,2.66539535379035,2.0998568005007328,1.7643533911701883,2.597722526892193,3.586650421174675,2.804973694667484,1.342037106906243
