Name,M1,M1_atom_number,M2,M2_atom_number,M3,M3_atom_number,Support,Support_ID,M2_mol,M3_mol,M1_mol%,M2_mol%,M3_mol%,Temp,Total_flow,Ar_flow,CH4_flow,O2_flow,CT,CH4/O2,CH4_conv,C2y,C2H6y,C2H4y,COy,CO2y,C2s,C2H6s,C2H4s,COs,CO2s,M1_electronegativity,M1_ionic_radius,M1_oxidation_state,M1_d_electron_count,M1_inverse_ionization,M2_electronegativity,M2_ionic_radius,M2_oxidation_state,M2_d_electron_count,M2_inverse_ionization,M3_electronegativity,M3_ionic_radius,M3_oxidation_state,M3_d_electron_count,M3_inverse_ionization,support_surface_area
Mn-Na2WO4/BN,Mn,25,Na,11,W,74,BN,4,0.37,0.185,40,40,20,800,15,6.0,7.2,1.8,0.5,4,19.35,7.01,1.09,5.92,14.39,1.89,36.23,5.63,30.59,74.37,9.77,1.55,25.0,7.0,5.0,0.1345163960690004,0.93,99.0,1.0,0.0,0.1945874731558797,1.7,42.0,6.0,4.0,0.1271612646442091,1513.0
Mn-Na2WO4/MgO,Mn,25,Na,11,W,74,MgO,6,0.37,0.185,40,40,20,800,15,6.0,7.2,1.8,0.5,4,18.03,8.16,2.14,6.02,8.87,3.58,45.26,11.87,33.39,49.2,19.86,1.55,25.0,7.0,5.0,0.1345163960690004,0.93,99.0,1.0,0.0,0.1945874731558797,1.7,42.0,6.0,4.0,0.1271612646442091,194.0
Mn-Na2WO4/Al2O3,Mn,25,Na,11,W,74,Al2O3,2,0.37,0.185,40,40,20,800,15,6.0,7.2,1.8,0.5,4,16.88,6.78,0.96,5.82,10.58,3.29,40.17,5.69,34.48,62.68,19.49,1.55,25.0,7.0,5.0,0.1345163960690004,0.93,99.0,1.0,0.0,0.1945874731558797,1.7,42.0,6.0,4.0,0.1271612646442091,413.0
Mn-Na2WO4/SiO2,Mn,25,Na,11,W,74,SiO2,11,0.37,0.185,40,40,20,800,15,6.0,7.2,1.8,0.5,4,24.48,17.25,4.82,12.43,5.77,4.13,70.47,19.69,50.78,23.57,16.87,1.55,25.0,7.0,5.0,0.1345163960690004,0.93,99.0,1.0,0.0,0.1945874731558797,1.7,42.0,6.0,4.0,0.1271612646442091,350.0
Mn-Na2WO4/SiC,Mn,25,Na,11,W,74,SiC,9,0.37,0.185,40,40,20,800,15,6.0,7.2,1.8,0.5,4,19.63,11.42,3.4,8.02,7.57,3.02,58.18,17.32,40.86,38.56,15.38,1.55,25.0,7.0,5.0,0.1345163960690004,0.93,99.0,1.0,0.0,0.1945874731558797,1.7,42.0,6.0,4.0,0.1271612646442091,22.0
Mn-Na2WO4/SiCnf,Mn,25,Na,11,W,74,SiCnf,10,0.37,0.185,40,40,20,800,15,6.0,7.2,1.8,0.5,4,22.58,12.34,4.14,8.2,8.29,3.7,54.65,18.33,36.32,36.71,16.39,1.55,25.0,7.0,5.0,0.1345163960690004,0.93,99.0,1.0,0.0,0.1945874731558797,1.7,42.0,6.0,4.0,0.1271612646442091,124.0
Mn-Na2WO4/BEA,Mn,25,Na,11,W,74,BEA,3,0.37,0.185,40,40,20,800,15,6.0,7.2,1.8,0.5,4,16.65,6.38,1.84,4.54,9.25,2.88,38.32,11.05,27.27,55.56,17.3,1.55,25.0,7.0,5.0,0.1345163960690004,0.93,99.0,1.0,0.0,0.1945874731558797,1.7,42.0,6.0,4.0,0.1271612646442091,512.0
Mn-Na2WO4/ZSM-5,Mn,25,Na,11,W,74,ZSM-5,14,0.37,0.185,40,40,20,800,15,6.0,7.2,1.8,0.5,4,17.85,10.14,2.67,7.47,8.26,2.72,56.81,14.96,41.85,46.27,15.24,1.55,25.0,7.0,5.0,0.1345163960690004,0.93,99.0,1.0,0.0,0.1945874731558797,1.7,42.0,6.0,4.0,0.1271612646442091,285.0
Mn-Na2WO4/TiO2,Mn,25,Na,11,W,74,TiO2,12,0.37,0.185,40,40,20,800,15,6.0,7.2,1.8,0.5,4,23.85,15.36,4.45,10.91,3.89,5.42,64.4,18.66,45.74,16.31,22.73,1.55,25.0,7.0,5.0,0.1345163960690004,0.93,99.0,1.0,0.0,0.1945874731558797,1.7,42.0,6.0,4.0,0.1271612646442091,417.0
Mn-Na2WO4/ZrO2,Mn,25,Na,11,W,74,ZrO2,13,0.37,0.185,40,40,20,800,15,6.0,7.2,1.8,0.5,4,17.68,6.85,1.46,5.39,10.31,2.78,38.74,8.26,30.49,58.31,15.72,1.55,25.0,7.0,5.0,0.1345163960690004,0.93,99.0,1.0,0.0,0.1945874731558797,1.7,42.0,6.0,4.0,0.1271612646442091,37.0
Mn-Na2WO4/Nb2O5,Mn,25,Na,11,W,74,Nb2O5,8,0.37,0.185,40,40,20,800,15,6.0,7.2,1.8,0.5,4,18.02,7.09,1.42,5.67,10.17,1.85,39.35,7.88,31.47,56.44,10.27,1.55,25.0,7.0,5.0,0.1345163960690004,0.93,99.0,1.0,0.0,0.1945874731558797,1.7,42.0,6.0,4.0,0.1271612646442091,0.0
Mn-Na2WO4/CeO2,Mn,25,Na,11,W,74,CeO2,5,0.37,0.185,40,40,20,800,15,6.0,7.2,1.8,0.5,4,19.24,9.1,2.39,6.71,7.36,3.88,47.3,12.42,34.88,38.25,20.17,1.55,25.0,7.0,5.0,0.1345163960690004,0.93,99.0,1.0,0.0,0.1945874731558797,1.7,42.0,6.0,4.0,0.1271612646442091,102.0
Mn-Li2WO4/SiO2,Mn,25,Li,3,W,74,SiO2,11,0.37,0.185,40,40,20,800,15,6.0,7.2,1.8,0.5,4,22.31,13.11,3.81,9.3,7.14,2.79,58.76,17.08,41.69,32.0,12.51,1.55,25.0,7.0,5.0,0.1345163960690004,0.98,59.0,1.0,0.0,0.1854697439946063,1.7,42.0,6.0,4.0,0.1271612646442091,350.0
Mn-MgWO4/SiO2,Mn,25,Mg,12,W,74,SiO2,11,0.185,0.185,40,40,20,800,15,6.0,7.2,1.8,0.5,4,18.92,7.94,1.74,6.2,8.71,3.51,41.97,9.2,32.77,46.04,18.55,1.55,25.0,7.0,5.0,0.1345163960690004,1.31,56.99999999999999,2.0,0.0,0.1307833030526392,1.7,42.0,6.0,4.0,0.1271612646442091,350.0
Mn-K2WO4/SiO2,Mn,25,K,19,W,74,SiO2,11,0.37,0.185,40,40,20,800,15,6.0,7.2,1.8,0.5,4,19.95,10.96,3.31,7.65,6.78,3.29,54.94,16.59,38.35,33.98,16.49,1.55,25.0,7.0,5.0,0.1345163960690004,0.82,137.0,1.0,0.0,0.2303795138721791,1.7,42.0,6.0,4.0,0.1271612646442091,350.0
Mn-CaWO4/SiO2,Mn,25,Ca,20,W,74,SiO2,11,0.185,0.185,40,40,20,800,15,6.0,7.2,1.8,0.5,4,13.64,3.12,1.56,1.56,3.73,8.35,22.87,11.44,11.44,27.35,61.22,1.55,25.0,7.0,5.0,0.1345163960690004,1.0,100.0,2.0,0.0,0.1635816404322529,1.7,42.0,6.0,4.0,0.1271612646442091,350.0
Mn-SrWO4/SiO2,Mn,25,Sr,38,W,74,SiO2,11,0.185,0.185,40,40,20,800,15,6.0,7.2,1.8,0.5,4,15.58,3.01,1.85,1.16,9.44,3.75,19.32,11.87,7.45,60.59,24.07,1.55,25.0,7.0,5.0,0.1345163960690004,0.95,118.0,2.0,0.0,0.1755967120885315,1.7,42.0,6.0,4.0,0.1271612646442091,350.0
Mn-BaWO4/SiO2,Mn,25,Ba,56,W,74,SiO2,11,0.185,0.185,40,40,20,800,15,6.0,7.2,1.8,0.5,4,14.41,6.07,1.58,4.49,8.96,2.33,42.12,10.96,31.16,62.18,16.17,1.55,25.0,7.0,5.0,0.1345163960690004,0.89,135.0,2.0,0.0,0.1918772746811066,1.7,42.0,6.0,4.0,0.1271612646442091,350.0
Mn-Li2MoO4/SiO2,Mn,25,Li,3,Mo,42,SiO2,11,0.37,0.185,40,40,20,800,15,6.0,7.2,1.8,0.5,4,17.59,5.67,2.61,3.06,7.35,4.38,32.23,14.84,17.4,41.79,24.9,1.55,25.0,7.0,5.0,0.1345163960690004,0.98,59.0,1.0,0.0,0.1854697439946063,2.16,41.0,6.0,5.0,0.1409953993201201,350.0
Mn-Na2MoO4/SiO2,Mn,25,Na,11,Mo,42,SiO2,11,0.37,0.185,40,40,20,800,15,6.0,7.2,1.8,0.5,4,17.58,6.94,2.72,4.22,5.62,5.96,39.48,15.47,24.0,31.97,33.9,1.55,25.0,7.0,5.0,0.1345163960690004,0.93,99.0,1.0,0.0,0.1945874731558797,2.16,41.0,6.0,5.0,0.1409953993201201,350.0
Mn-K2MoO4/SiO2,Mn,25,K,19,Mo,42,SiO2,11,0.37,0.185,40,40,20,800,15,6.0,7.2,1.8,0.5,4,19.62,9.89,2.9,6.99,5.8,5.05,50.41,14.78,35.63,29.56,25.74,1.55,25.0,7.0,5.0,0.1345163960690004,0.82,137.0,1.0,0.0,0.2303795138721791,2.16,41.0,6.0,5.0,0.1409953993201201,350.0
Mn-FeMoO4/SiO2,Mn,25,Fe,26,Mo,42,SiO2,11,0.185,0.185,40,40,20,800,15,6.0,7.2,1.8,0.5,4,15.26,3.12,1.5,1.62,6.46,5.87,20.45,9.83,10.62,42.33,38.47,1.55,25.0,7.0,5.0,0.1345163960690004,1.83,25.0,3.0,6.0,0.1265427442851683,2.16,41.0,6.0,5.0,0.1409953993201201,350.0
Mn-ZnMoO4/SiO2,Mn,25,Zn,30,Mo,42,SiO2,11,0.185,0.185,40,40,20,800,15,6.0,7.2,1.8,0.5,4,19.66,7.61,1.81,5.8,8.65,2.74,38.71,9.21,29.5,44.0,13.94,1.55,25.0,7.0,5.0,0.1345163960690004,1.65,60.0,2.0,10.0,0.1064486938053353,2.16,41.0,6.0,5.0,0.1409953993201201,350.0
Ti-Na2WO4/SiO2,Ti,22,Na,11,W,74,SiO2,11,0.37,0.185,40,40,20,800,15,6.0,7.2,1.8,0.5,4,26.23,16.35,4.33,12.02,3.88,4.42,62.33,16.51,45.83,14.79,16.85,1.54,42.0,4.0,2.0,0.1464531964874665,0.93,99.0,1.0,0.0,0.1945874731558797,1.7,42.0,6.0,4.0,0.1271612646442091,350.0
V-Na2WO4/SiO2,V,23,Na,11,W,74,SiO2,11,0.37,0.185,40,40,20,800,15,6.0,7.2,1.8,0.5,4,16.48,6.48,2.29,4.19,1.76,9.59,39.32,13.9,25.42,10.68,58.19,1.63,35.5,5.0,3.0,0.1482318826916597,0.93,99.0,1.0,0.0,0.1945874731558797,1.7,42.0,6.0,4.0,0.1271612646442091,350.0
Fe-Na2WO4/SiO2,Fe,26,Na,11,W,74,SiO2,11,0.37,0.185,40,40,20,800,15,6.0,7.2,1.8,0.5,4,21.47,13.01,3.89,9.12,3.97,5.83,60.6,18.12,42.48,18.49,27.15,1.83,25.0,3.0,6.0,0.1265427442851683,0.93,99.0,1.0,0.0,0.1945874731558797,1.7,42.0,6.0,4.0,0.1271612646442091,350.0
Co-Na2WO4/SiO2,Co,27,Na,11,W,74,SiO2,11,0.37,0.185,40,40,20,800,15,6.0,7.2,1.8,0.5,4,21.92,12.6,4.34,8.26,5.11,4.55,57.48,19.8,37.68,23.31,20.76,1.88,40.0,3.0,7.0,0.1268872898270653,0.93,99.0,1.0,0.0,0.1945874731558797,1.7,42.0,6.0,4.0,0.1271612646442091,350.0
Ni-Na2WO4/SiO2,Ni,28,Na,11,W,74,SiO2,11,0.37,0.185,40,40,20,800,15,6.0,7.2,1.8,0.5,4,23.03,13.64,4.09,9.55,5.11,4.17,59.23,17.76,41.47,22.19,18.11,1.91,48.0,2.0,8.0,0.1308921425185061,0.93,99.0,1.0,0.0,0.1945874731558797,1.7,42.0,6.0,4.0,0.1271612646442091,350.0
Cu-Na2WO4/SiO2,Cu,29,Na,11,W,74,SiO2,11,0.37,0.185,40,40,20,800,15,6.0,7.2,1.8,0.5,4,16.16,6.08,2.26,3.82,1.43,10.53,37.62,13.99,23.64,8.85,65.16,1.9,54.0,2.0,10.0,0.1294267172983984,0.93,99.0,1.0,0.0,0.1945874731558797,1.7,42.0,6.0,4.0,0.1271612646442091,350.0
Zn-Na2WO4/SiO2,Zn,30,Na,11,W,74,SiO2,11,0.37,0.185,40,40,20,800,15,6.0,7.2,1.8,0.5,4,18.91,10.36,4.05,6.31,6.13,4.57,54.79,21.42,33.37,32.42,24.17,1.65,60.0,2.0,10.0,0.1064486938053353,0.93,99.0,1.0,0.0,0.1945874731558797,1.7,42.0,6.0,4.0,0.1271612646442091,350.0
Y-Na2WO4/SiO2,Y,39,Na,11,W,74,SiO2,11,0.37,0.185,40,40,20,800,15,6.0,7.2,1.8,0.5,4,18.18,10.11,3.23,6.88,4.56,3.03,55.61,17.77,37.84,25.08,16.67,1.22,90.0,3.0,0.0,0.1608425576540148,0.93,99.0,1.0,0.0,0.1945874731558797,1.7,42.0,6.0,4.0,0.1271612646442091,350.0
Zr-Na2WO4/SiO2,Zr,40,Na,11,W,74,SiO2,11,0.37,0.185,40,40,20,800,15,6.0,7.2,1.8,0.5,4,21.69,12.36,3.92,8.44,3.92,6.06,56.98,18.07,38.91,18.07,27.94,1.33,59.0,4.0,2.0,0.1507357563000763,0.93,99.0,1.0,0.0,0.1945874731558797,1.7,42.0,6.0,4.0,0.1271612646442091,350.0
Mo-Na2WO4/SiO2,Mo,42,Na,11,W,74,SiO2,11,0.37,0.185,40,40,20,800,15,6.0,7.2,1.8,0.5,4,20.05,8.54,2.6,5.94,4.84,5.57,42.59,12.97,29.63,24.14,27.78,2.16,41.0,6.0,5.0,0.1409953993201201,0.93,99.0,1.0,0.0,0.1945874731558797,1.7,42.0,6.0,4.0,0.1271612646442091,350.0
Pd-Na2WO4/SiO2,Pd,46,Na,11,W,74,SiO2,11,0.37,0.185,40,40,20,800,15,6.0,7.2,1.8,0.5,4,19.93,11.32,4.32,7.0,0.31,10.36,56.8,21.68,35.12,1.56,51.98,2.2,61.5,4.0,10.0,0.1199495396276694,0.93,99.0,1.0,0.0,0.1945874731558797,1.7,42.0,6.0,4.0,0.1271612646442091,350.0
La-Na2WO4/SiO2,La,57,Na,11,W,74,SiO2,11,0.37,0.185,40,40,20,800,15,6.0,7.2,1.8,0.5,4,20.87,9.44,3.79,5.65,7.19,3.82,45.23,18.16,27.07,34.45,18.3,1.1,103.2,3.0,0.0,0.1793110868044971,0.93,99.0,1.0,0.0,0.1945874731558797,1.7,42.0,6.0,4.0,0.1271612646442091,350.0
Ce-Na2WO4/SiO2,Ce,58,Na,11,W,74,SiO2,11,0.37,0.185,40,40,20,800,15,6.0,7.2,1.8,0.5,4,22.67,14.57,3.92,10.65,4.99,4.9,64.27,17.29,46.98,22.01,21.61,1.12,87.0,4.0,0.0,0.180551041779511,0.93,99.0,1.0,0.0,0.1945874731558797,1.7,42.0,6.0,4.0,0.1271612646442091,350.0
Nd-Na2WO4/SiO2,Nd,60,Na,11,W,74,SiO2,11,0.37,0.185,40,40,20,800,15,6.0,7.2,1.8,0.5,4,21.73,12.8,3.51,9.29,5.48,3.44,58.9,16.15,42.75,25.22,15.83,1.14,98.3,3.0,0.0,0.1809954751131221,0.93,99.0,1.0,0.0,0.1945874731558797,1.7,42.0,6.0,4.0,0.1271612646442091,350.0
Eu-Na2WO4/SiO2,Eu,63,Na,11,W,74,SiO2,11,0.37,0.185,40,40,20,800,15,6.0,7.2,1.8,0.5,4,19.06,9.49,4.36,5.13,7.35,3.69,49.79,22.88,26.92,38.56,19.36,0.0,94.7,3.0,0.0,0.1763548683202287,0.93,99.0,1.0,0.0,0.1945874731558797,1.7,42.0,6.0,4.0,0.1271612646442091,350.0
Tb-Na2WO4/SiO2,Tb,65,Na,11,W,74,SiO2,11,0.37,0.185,40,40,20,800,15,6.0,7.2,1.8,0.5,4,19.46,11.53,4.1,7.43,5.76,4.09,59.25,21.07,38.18,29.6,21.02,0.0,76.0,3.0,0.0,0.1705378764623623,0.93,99.0,1.0,0.0,0.1945874731558797,1.7,42.0,6.0,4.0,0.1271612646442091,350.0
Hf-Na2WO4/SiO2,Hf,72,Na,11,W,74,SiO2,11,0.37,0.185,40,40,20,800,15,6.0,7.2,1.8,0.5,4,20.69,13.01,3.97,9.04,3.65,4.85,62.88,19.19,43.69,17.64,23.44,1.3,57.99999999999999,4.0,2.0,0.1465186437648258,0.93,99.0,1.0,0.0,0.1945874731558797,1.7,42.0,6.0,4.0,0.1271612646442091,350.0
Blank,n.a.,0,n.a.,0,n.a.,0,n.a.,7,0.0,0.0,0,0,0,800,15,6.0,7.2,1.8,0.5,4,13.46,5.52,1.97,3.55,6.05,1.53,41.01,14.64,26.37,44.95,11.37,0.0,0.0,0.0,0.0,0.0,0.0,0.0,0.0,0.0,0.0,0.0,0.0,0.0,0.0,0.0,0.0
BN,n.a.,0,n.a.,0,n.a.,0,BN,4,0.0,0.0,0,0,0,800,15,6.0,7.2,1.8,0.5,4,6.07,5.41,2.17,3.24,4.23,0.4,89.13,35.75,53.38,69.69,6.59,0.0,0.0,0.0,0.0,0.0,0.0,0.0,0.0,0.0,0.0,0.0,0.0,0.0,0.0,0.0,1513.0
MgO,n.a.,0,n.a.,0,n.a.,0,MgO,6,0.0,0.0,0,0,0,800,15,6.0,7.2,1.8,0.5,4,16.8,5.23,1.18,4.05,11.37,2.73,31.13,7.02,24.11,67.68,16.25,0.0,0.0,0.0,0.0,0.0,0.0,0.0,0.0,0.0,0.0,0.0,0.0,0.0,0.0,0.0,194.0
Al2O3,n.a.,0,n.a.,0,n.a.,0,Al2O3,2,0.0,0.0,0,0,0,800,15,6.0,7.2,1.8,0.5,4,11.44,4.75,2.0,2.75,5.07,2.84,41.52,17.48,24.04,44.32,24.83,0.0,0.0,0.0,0.0,0.0,0.0,0.0,0.0,0.0,0.0,0.0,0.0,0.0,0.0,0.0,413.0
SiO2,n.a.,0,n.a.,0,n.a.,0,SiO2,11,0.0,0.0,0,0,0,800,15,6.0,7.2,1.8,0.5,4,17.52,6.84,1.07,5.77,11.61,2.11,39.04,6.11,32.93,66.27,12.04,0.0,0.0,0.0,0.0,0.0,0.0,0.0,0.0,0.0,0.0,0.0,0.0,0.0,0.0,0.0,350.0
SiC,n.a.,0,n.a.,0,n.a.,0,SiC,9,0.0,0.0,0,0,0,800,15,6.0,7.2,1.8,0.5,4,17.84,7.01,1.44,5.57,10.1,2.34,39.29,8.07,31.22,56.61,13.12,0.0,0.0,0.0,0.0,0.0,0.0,0.0,0.0,0.0,0.0,0.0,0.0,0.0,0.0,0.0,22.0
SiCnf,n.a.,0,n.a.,0,n.a.,0,SiCnf,10,0.0,0.0,0,0,0,800,15,6.0,7.2,1.8,0.5,4,13.86,1.79,1.34,0.45,10.14,4.34,12.91,9.67,3.25,73.16,31.31,0.0,0.0,0.0,0.0,0.0,0.0,0.0,0.0,0.0,0.0,0.0,0.0,0.0,0.0,0.0,124.0
BEA,n.a.,0,n.a.,0,n.a.,0,BEA,3,0.0,0.0,0,0,0,800,15,6.0,7.2,1.8,0.5,4,11.61,3.07,1.59,1.48,10.97,1.99,26.44,13.7,12.75,94.49,17.14,0.0,0.0,0.0,0.0,0.0,0.0,0.0,0.0,0.0,0.0,0.0,0.0,0.0,0.0,0.0,512.0
ZSM-5,n.a.,0,n.a.,0,n.a.,0,ZSM-5,14,0.0,0.0,0,0,0,800,15,6.0,7.2,1.8,0.5,4,16.05,3.28,1.47,1.81,9.81,2.9,20.44,9.16,11.28,61.12,18.07,0.0,0.0,0.0,0.0,0.0,0.0,0.0,0.0,0.0,0.0,0.0,0.0,0.0,0.0,0.0,285.0
TiO2,n.a.,0,n.a.,0,n.a.,0,TiO2,12,0.0,0.0,0,0,0,800,15,6.0,7.2,1.8,0.5,4,12.68,2.97,1.58,1.39,7.99,3.13,23.42,12.46,10.96,63.01,24.68,0.0,0.0,0.0,0.0,0.0,0.0,0.0,0.0,0.0,0.0,0.0,0.0,0.0,0.0,0.0,417.0
ZrO2,n.a.,0,n.a.,0,n.a.,0,ZrO2,13,0.0,0.0,0,0,0,800,15,6.0,7.2,1.8,0.5,4,16.01,4.82,1.36,3.46,9.24,5.2,30.11,8.49,21.61,57.71,32.48,0.0,0.0,0.0,0.0,0.0,0.0,0.0,0.0,0.0,0.0,0.0,0.0,0.0,0.0,0.0,37.0
Nb2O5,n.a.,0,n.a.,0,n.a.,0,Nb2O5,8,0.0,0.0,0,0,0,800,15,6.0,7.2,1.8,0.5,4,16.43,3.3,1.51,1.79,11.44,1.97,20.09,9.19,10.89,69.63,11.99,0.0,0.0,0.0,0.0,0.0,0.0,0.0,0.0,0.0,0.0,0.0,0.0,0.0,0.0,0.0,0.0
CeO2,n.a.,0,n.a.,0,n.a.,0,CeO2,5,0.0,0.0,0,0,0,800,15,6.0,7.2,1.8,0.5,4,16.28,7.01,1.54,5.47,3.49,10.17,43.06,9.46,33.6,21.44,62.47,0.0,0.0,0.0,0.0,0.0,0.0,0.0,0.0,0.0,0.0,0.0,0.0,0.0,0.0,0.0,102.0
Na2WO4/SiO2,n.a.,0,Na,11,W,74,SiO2,11,0.37,0.185,0,67,33,800,15,6.0,7.2,1.8,0.5,4,19.79,14.86,4.48,10.38,3.12,5.81,75.09,22.64,52.45,15.77,29.36,0.0,0.0,0.0,0.0,0.0,0.93,99.0,1.0,0.0,0.1945874731558797,1.7,42.0,6.0,4.0,0.1271612646442091,350.0
Mn-WOx/SiO2,Mn,25,n.a.,0,W,74,SiO2,11,0.0,0.185,67,0,33,800,15,6.0,7.2,1.8,0.5,4,17.54,6.68,2.77,3.91,8.15,3.91,38.08,15.79,22.29,46.47,22.29,1.55,25.0,7.0,5.0,0.1345163960690004,0.0,0.0,0.0,0.0,0.0,1.7,42.0,6.0,4.0,0.1271612646442091,350.0
Mn-MoOx/SiO2,Mn,25,n.a.,0,Mo,42,SiO2,11,0.0,0.185,67,0,33,800,15,6.0,7.2,1.8,0.5,4,12.57,1.42,0.81,0.61,6.52,6.8,11.3,6.44,4.85,51.87,54.1,1.55,25.0,7.0,5.0,0.1345163960690004,0.0,0.0,0.0,0.0,0.0,2.16,41.0,6.0,5.0,0.1409953993201201,350.0
Mn-Na/SiO2,Mn,25,Na,11,n.a.,0,SiO2,11,0.37,0.0,50,50,0,800,15,6.0,7.2,1.8,0.5,4,16.44,7.63,2.38,5.25,8.03,3.02,46.41,14.48,31.93,48.84,18.37,1.55,25.0,7.0,5.0,0.1345163960690004,0.93,99.0,1.0,0.0,0.1945874731558797,0.0,0.0,0.0,0.0,0.0,350.0
WOx/SiO2,n.a.,0,n.a.,0,W,74,SiO2,11,0.0,0.185,0,0,100,800,15,6.0,7.2,1.8,0.5,4,12.0,4.86,1.61,3.25,4.82,5.31,40.5,13.42,27.08,40.17,44.25,0.0,0.0,0.0,0.0,0.0,0.0,0.0,0.0,0.0,0.0,1.7,42.0,6.0,4.0,0.1271612646442091,350.0
Na/SiO2,n.a.,0,Na,11,n.a.,0,SiO2,11,0.37,0.0,0,100,0,800,15,6.0,7.2,1.8,0.5,4,6.43,5.51,1.84,3.67,3.49,1.21,85.69,28.62,57.08,54.28,18.82,0.0,0.0,0.0,0.0,0.0,0.93,99.0,1.0,0.0,0.1945874731558797,0.0,0.0,0.0,0.0,0.0,350.0
