n_train_catalysts,seed,mean_train_yield,test_mae
5.0,0.0,15.656944444444445,8.907966820987653
5.0,1.0,21.995555555555555,13.487844650205762
5.0,2.0,12.137129629629628,15.019509945130316
5.0,3.0,15.298888888888888,12.051897119341561
5.0,4.0,16.49425925925926,13.04989664282161
5.0,5.0,15.190740740740742,13.533151577503428
5.0,6.0,19.635277777777777,12.70302443415638
5.0,7.0,21.13222222222222,16.759131799701507
5.0,8.0,15.425555555555555,12.493433127572017
5.0,9.0,19.608055555555556,11.4570658436214
5.0,10.0,18.971018518518516,11.067383144718793
5.0,11.0,21.110000000000003,12.534185185185187
5.0,12.0,20.530185185185182,10.548607510288065
5.0,13.0,25.99055555555556,9.03045524691358
5.0,14.0,18.260833333333334,8.867331790123458
5.0,15.0,12.907499999999999,17.28350462962963
5.0,16.0,20.86601851851852,10.638842764060357
5.0,17.0,12.924074074074074,12.193453360768174
5.0,18.0,19.063425925925927,12.010742884087792
5.0,19.0,19.70314814814815,10.0818969478738
5.0,20.0,17.09703703703704,11.89366632373114
5.0,21.0,22.100092592592592,13.174721364883403
5.0,22.0,18.411666666666665,11.602541666666667
5.0,23.0,21.653240740740742,10.372719907407408
5.0,24.0,24.805462962962963,11.181525548696845
5.0,25.0,15.287222222222223,13.309158950617284
5.0,26.0,14.855092592592593,12.067507287379973
5.0,27.0,16.93416666666667,9.745862654320987
5.0,28.0,21.08277777777778,10.731290637860083
5.0,29.0,21.37324074074074,11.559883573388204
5.0,30.0,21.383148148148152,15.034984903847803
5.0,31.0,18.613888888888887,11.591283436213992
5.0,32.0,15.20648148148148,11.710617283950617
5.0,33.0,15.152037037037038,8.651276920438958
5.0,34.0,16.925277777777776,10.425578446502058
5.0,35.0,20.933518518518518,10.643570816186557
5.0,36.0,14.737164040778499,14.491291233309305
5.0,37.0,15.370092592592593,11.398846021947875
5.0,38.0,15.09,12.401657407407406
5.0,39.0,23.15462962962963,11.49261789580224
5.0,40.0,24.949259259259257,12.495451989026064
5.0,41.0,22.385740740740744,10.511435528120712
5.0,42.0,25.69611111111111,11.208939300411522
5.0,43.0,9.291296296296297,12.461117283950617
5.0,44.0,17.842314814814817,11.944454475308643
5.0,45.0,23.763148148148144,11.771940329218106
5.0,46.0,28.1375,13.232569444444445
5.0,47.0,30.454814814814817,17.29139849108368
5.0,48.0,17.414259259259257,8.918721021947874
5.0,49.0,15.742314814814815,12.414123628257888
5.0,50.0,22.522777777777776,11.349308127572014
5.0,51.0,13.79962962962963,8.387038066320143
5.0,52.0,21.046944444444442,13.510535751028806
5.0,53.0,26.530185185185182,13.841958676268863
5.0,54.0,18.776296296296294,8.670428326474623
5.0,55.0,11.578425925925927,12.393049125514402
5.0,56.0,18.347962962962963,11.979543724279837
5.0,57.0,19.269045412418905,10.706996533141112
5.0,58.0,14.497129629629628,10.118078446502057
5.0,59.0,16.195,12.409921296296297
5.0,60.0,22.08962962962963,10.663767832647462
5.0,61.0,20.293425925925927,12.300845078875174
5.0,62.0,26.63129629629629,11.824425411522633
5.0,63.0,25.25611111111111,9.97885133744856
5.0,64.0,21.85796296296296,11.752027949245543
5.0,65.0,17.576944444444443,8.228731995884774
5.0,66.0,17.99888888888889,10.087036008230452
5.0,67.0,25.644166666666667,13.056048611111112
5.0,68.0,16.748981481481483,9.741930041152264
5.0,69.0,10.027037037037038,11.908854252400548
5.0,70.0,17.409537037037037,11.554373542524006
5.0,71.0,17.543518518518518,12.616752400548696
5.0,72.0,23.26842592592593,11.794744598765433
5.0,73.0,11.915925925925926,9.943498971193415
5.0,74.0,13.555185185185184,10.857165637860083
5.0,75.0,13.36351851851852,11.710302297668038
5.0,76.0,17.568796296296295,9.13380495541838
5.0,77.0,20.020462962962963,10.04366520919067
5.0,78.0,20.400462962962962,9.83971450617284
5.0,79.0,19.04092592592593,10.8644188957476
5.0,80.0,19.653055555555554,11.49463348765432
5.0,81.0,21.157685185185183,13.01086325445816
5.0,82.0,15.505833333333337,10.688361111111112
5.0,83.0,22.32425925925926,12.341939300411523
5.0,84.0,14.280277777777778,11.279520061728396
5.0,85.0,11.130462962962962,7.350878515089163
5.0,86.0,19.48462962962963,11.495385802469135
5.0,87.0,15.11212962962963,12.760879972565156
5.0,88.0,19.10037037037037,12.20425720164609
5.0,89.0,16.780925925925928,11.131987654320985
5.0,90.0,19.14074074074074,10.257001028806583
5.0,91.0,17.07824074074074,8.960916066529492
5.0,92.0,21.863055555555555,14.533581275720163
5.0,93.0,17.488148148148145,11.388340192043895
5.0,94.0,22.10462962962963,11.942604595336077
5.0,95.0,16.957037037037036,13.39627949245542
5.0,96.0,17.405462962962964,12.69216565453828
5.0,97.0,22.270833333333332,14.308842592592594
5.0,98.0,24.198611111111113,13.733451646090536
5.0,99.0,14.985555555555555,10.34361522633745
10.0,0.0,17.497500000000002,9.219458333333332
10.0,1.0,19.99412037037037,13.043303883744857
10.0,2.0,11.564722222222223,15.337882973251029
10.0,3.0,13.84986111111111,11.839104166666669
10.0,4.0,18.030694444444446,12.748731987545675
10.0,5.0,16.97685185185185,13.21531635802469
10.0,6.0,17.54171296296296,12.639027263374487
10.0,7.0,20.30875,16.704361394163964
10.0,8.0,13.654583333333333,12.996590663580246
10.0,9.0,18.694675925925925,11.217253515089164
10.0,10.0,19.739953703703705,11.18437204218107
10.0,11.0,20.022592592592595,11.882454732510288
10.0,12.0,20.71097730430755,10.59989434837802
10.0,13.0,22.12351851851852,8.360095164609053
10.0,14.0,15.85449074074074,8.598229638203017
10.0,15.0,14.76199074074074,16.340904449588475
10.0,16.0,22.539490740740742,11.221378386488341
10.0,17.0,16.198194444444443,11.687443544238684
10.0,18.0,18.41712962962963,11.902352537722907
10.0,19.0,19.66,10.068287037037036
10.0,20.0,16.205694444444447,12.150859053497943
10.0,21.0,23.260324074074074,13.762274991426612
10.0,22.0,17.797916666666666,11.769193672839508
10.0,23.0,22.286435185185187,10.525612182784638
10.0,24.0,18.761944444444445,11.632788580246913
10.0,25.0,13.540138888888889,13.841682355967077
10.0,26.0,20.383009259259257,12.888441100823046
10.0,27.0,17.228287037037035,9.69869980281207
10.0,28.0,23.502824074074077,11.389205632716049
10.0,29.0,17.86472222222222,10.97059259259259
10.0,30.0,21.93162037037037,15.15733143344827
10.0,31.0,19.01726851851852,11.525602494855967
10.0,32.0,19.781759259259257,10.872088734567901
10.0,33.0,13.389861111111113,8.49161522633745
10.0,34.0,20.84574074074074,10.79089060356653
10.0,35.0,18.575,10.365393518518518
10.0,36.0,12.571329319129227,15.364462928653527
10.0,37.0,18.98263888888889,11.79703253600823
10.0,38.0,15.222453703703703,12.38578082133059
10.0,39.0,23.78351851851852,11.628876280170863
10.0,40.0,23.31273148148148,11.902599879972566
10.0,41.0,22.05166666666667,10.428441358024692
10.0,42.0,22.07384259259259,11.340773319615913
10.0,43.0,15.408796296296297,11.92505529835391
10.0,44.0,17.36962962962963,11.992150891632376
10.0,45.0,23.588472222222222,11.742270318930043
10.0,46.0,21.47810185185185,11.708379929698216
10.0,47.0,24.08814814814815,12.466900548696847
10.0,48.0,19.654537037037038,9.228765346364883
10.0,49.0,16.328055555555554,12.39941049382716
10.0,50.0,21.208657407407404,10.891984739368997
10.0,51.0,20.039305555555554,10.23983422109001
10.0,52.0,23.090185185185188,13.913429012345679
10.0,53.0,22.47814814814815,12.524551097393688
10.0,54.0,15.684537037037037,7.719761059670782
10.0,55.0,14.388564814814815,11.679158822016463
10.0,56.0,20.05638888888889,12.487475308641978
10.0,57.0,16.018480778138024,9.677943449470778
10.0,58.0,18.121990740740742,9.270838477366254
10.0,59.0,19.167160722556737,12.74865264697305
10.0,60.0,22.64148148148148,10.770763717421124
10.0,61.0,21.40888888888889,12.501976337448559
10.0,62.0,23.96291666666667,10.838659722222223
10.0,63.0,24.698287037037037,9.813176826131688
10.0,64.0,24.46162037037037,12.058758273319617
10.0,65.0,20.363425925925927,9.40386316872428
10.0,66.0,18.163935185185185,10.110173911179697
10.0,67.0,24.385462962962965,12.101718364197533
10.0,68.0,17.716805555555556,10.127975694444444
10.0,69.0,11.264212962962963,11.557485253772292
10.0,70.0,14.881666666666668,11.79229012345679
10.0,71.0,19.496944444444445,12.718292181069959
10.0,72.0,22.33328703703704,11.260530349794239
10.0,73.0,19.466851851851853,12.000432956104254
10.0,74.0,17.288240740740743,11.015232253086422
10.0,75.0,15.417878647522,11.612162459471977
10.0,76.0,19.874305555555555,9.474197530864197
10.0,77.0,20.707175925925927,10.172976251714678
10.0,78.0,17.314027777777778,9.671496527777776
10.0,79.0,17.13154238073182,10.989095024273926
10.0,80.0,20.05722222222222,11.694159979423866
10.0,81.0,20.754444444444445,12.893515432098765
10.0,82.0,18.56268518518518,10.682475737311385
10.0,83.0,18.158703703703704,12.91770353223594
10.0,84.0,15.488657407407407,11.345582990397805
10.0,85.0,17.201064814814817,7.923820258916324
10.0,86.0,20.61726851851852,11.601343835733884
10.0,87.0,17.45300925925926,12.588576603223594
10.0,88.0,18.58861111111111,12.275304783950617
10.0,89.0,18.43453703703704,10.981922925240056
10.0,90.0,19.448287037037037,10.386127014746226
10.0,91.0,15.49236111111111,8.890170396090536
10.0,92.0,22.302500000000006,14.841900462962967
10.0,93.0,19.832546296296297,11.285956061385459
10.0,94.0,20.108935185185185,11.329439471879287
10.0,95.0,16.928472222222222,13.393528806584362
10.0,96.0,15.647499999999999,13.260158638258455
10.0,97.0,19.984166666666667,14.329078703703704
10.0,98.0,20.489814814814814,12.889420438957474
10.0,99.0,15.165972222222223,10.286499485596707
15.0,0.0,17.742253086419755,9.274990769318704
15.0,1.0,22.313209876543212,13.568149634202104
15.0,2.0,14.859135802469138,13.627791495198903
15.0,3.0,16.94429012345679,12.360467821216277
15.0,4.0,19.53472222222222,12.526688667593023
15.0,5.0,18.87611111111111,13.068824074074076
15.0,6.0,16.519043209876546,12.669689386145404
15.0,7.0,19.63145061728395,16.66075573682375
15.0,8.0,16.525524691358022,12.257283693415639
15.0,9.0,21.06861111111111,11.907667952674897
15.0,10.0,17.857592592592592,10.948364197530864
15.0,11.0,22.425092592592588,13.358137945816182
15.0,12.0,18.99598641556036,10.179658545161402
15.0,13.0,20.340617283950618,8.457735253772292
15.0,14.0,17.057345679012343,8.68363082990398
15.0,15.0,14.318333333333332,16.557277777777777
15.0,16.0,20.82716049382716,10.626825560128031
15.0,17.0,15.733734567901235,11.726072102194788
15.0,18.0,16.093302469135804,11.688585019433013
15.0,19.0,19.092067901234568,9.897350594421582
15.0,20.0,15.532561728395061,12.359399148376772
15.0,21.0,20.734876543209875,12.541399748513946
15.0,22.0,17.726604938271603,11.789134545038866
15.0,23.0,20.27740740740741,10.116079561042524
15.0,24.0,18.76033950617284,11.63315414951989
15.0,25.0,14.930401234567901,13.405832618884316
15.0,26.0,17.71287037037037,12.359295781893005
15.0,27.0,18.607407407407408,9.547289094650205
15.0,28.0,19.98506172839506,10.546318129858253
15.0,29.0,17.590956790123457,10.944637945816188
15.0,30.0,19.834783950617282,14.725114522040954
15.0,31.0,19.247993827160492,11.492078617969822
15.0,32.0,18.85138888888889,10.97380272633745
15.0,33.0,14.399598765432097,8.565286179698218
15.0,34.0,18.85070987654321,10.4983058127572
15.0,35.0,19.92382716049383,10.477411979881115
15.0,36.0,14.51694967582587,14.57267243547963
15.0,37.0,16.77033950617284,11.492015117741197
15.0,38.0,14.096635802469137,12.537044867398262
15.0,39.0,19.714259259259258,11.240198222771173
15.0,40.0,20.45132716049383,11.139483310470967
15.0,41.0,22.218055555555555,10.468099279835393
15.0,42.0,18.99555555555555,11.978163580246914
15.0,43.0,18.156962025316453,12.235764181903424
15.0,44.0,19.157901234567902,11.852012345679013
15.0,45.0,23.023796296296297,11.652160751028807
15.0,46.0,18.926635802469136,11.506103337905808
15.0,47.0,20.47685185185185,10.544306412894375
15.0,48.0,19.964783950617285,9.285638745999085
15.0,49.0,17.371975308641975,12.40844010059442
15.0,50.0,22.63138888888889,11.391188271604939
15.0,51.0,19.73604938271605,10.101715586205318
15.0,52.0,20.44533950617284,13.409341735253772
15.0,53.0,19.67364197530864,12.004823216735256
15.0,54.0,14.974012345679013,7.605079389574761
15.0,55.0,16.763302469135805,11.26851983310471
15.0,56.0,20.83033950617284,12.747452474851396
15.0,57.0,16.767304723680148,9.877775147793672
15.0,58.0,18.32037037037037,9.240704732510288
15.0,59.0,20.31667181228774,12.975186314363143
15.0,60.0,20.359845679012345,10.431958219021492
15.0,61.0,20.264074074074077,12.296143347050753
15.0,62.0,21.457901234567903,10.33547839506173
15.0,63.0,21.25882716049383,9.217748056698673
15.0,64.0,23.415771604938268,11.893109282121628
15.0,65.0,20.514814814814816,9.484441015089164
15.0,66.0,18.07614197530864,10.097610196616369
15.0,67.0,22.555432098765433,10.809783836305442
15.0,68.0,21.640216049382715,12.163259059213535
15.0,69.0,14.50787037037037,11.10080032578875
15.0,70.0,17.677746913580247,11.548611625514402
15.0,71.0,19.528055555555557,12.72064866255144
15.0,72.0,21.77521604938272,10.964739254686789
15.0,73.0,16.488302469135803,10.872496513488798
15.0,74.0,17.701574074074074,11.076771176268862
15.0,75.0,16.21824637233714,11.618701288120477
15.0,76.0,17.461296296296297,9.127279320987656
15.0,77.0,18.61638888888889,9.842299897119341
15.0,78.0,19.346975308641973,9.70148479652492
15.0,79.0,18.29925903056499,10.893704747121312
15.0,80.0,19.718487654320988,11.526509230681299
15.0,81.0,18.166141975308644,12.293767175354366
15.0,82.0,17.89222222222222,10.652180041152263
15.0,83.0,21.48299382716049,12.401496856424327
15.0,84.0,14.746234567901235,11.290772519433014
15.0,85.0,16.70074074074074,7.770079903978052
15.0,86.0,19.040895061728396,11.460398805441242
15.0,87.0,18.758580246913578,12.607264974851393
15.0,88.0,18.91027777777778,12.229768004115225
15.0,89.0,19.96966049382716,10.988205246913578
15.0,90.0,21.499475308641976,11.348572959533609
15.0,91.0,14.853380673047239,8.91011500463106
15.0,92.0,21.851172839506173,14.525307384545041
15.0,93.0,18.29533950617284,11.337485453818017
15.0,94.0,19.395432098765433,11.161981710105167
15.0,95.0,17.49364197530864,13.450035093735712
15.0,96.0,14.765925925925927,13.597295044001852
15.0,97.0,19.340771604938272,14.367623056698674
15.0,98.0,19.40996913580247,12.716217735482395
15.0,99.0,15.26617283950617,10.255261202560584
20.0,0.0,16.665625,9.05654513888889
20.0,1.0,20.27354166666667,13.097328125
20.0,2.0,14.19025462962963,13.939403056412894
20.0,3.0,18.304444444444442,12.648546296296297
20.0,4.0,19.34840277777778,12.550675499202306
20.0,5.0,21.368101851851847,13.207439128943756
20.0,6.0,16.748472222222222,12.658904835390947
20.0,7.0,19.948958333333334,16.68119741006639
20.0,8.0,16.289050925925924,12.303758144718794
20.0,9.0,20.76527777777778,11.808395061728396
20.0,10.0,18.123055555555556,10.971233796296296
20.0,11.0,22.895833333333332,13.659868827160494
20.0,12.0,20.57027089604075,10.559853779166989
20.0,13.0,17.83902777777778,8.95191756687243
20.0,14.0,20.286712962962966,9.376742969821676
20.0,15.0,14.417013888888889,16.50858024691358
20.0,16.0,19.699467592592594,10.316541452331963
20.0,17.0,16.427754629629632,11.672372663751714
20.0,18.0,17.154050925925926,11.758065307784637
20.0,19.0,19.161273148148148,9.917284465020575
20.0,20.0,16.032245370370372,12.203031035665296
20.0,21.0,22.09349537037037,13.171483839163237
20.0,22.0,17.03414351851852,11.99176011659808
20.0,23.0,21.344037971752723,10.30718170358365
20.0,24.0,19.089560185185185,11.560178626543209
20.0,25.0,16.0368287037037,13.123363275891633
20.0,26.0,16.577824074074076,12.196672453703703
20.0,27.0,18.280810185185185,9.573326131687244
20.0,28.0,20.025787037037038,10.551798396776405
20.0,29.0,15.94210648148148,10.863379651063099
20.0,30.0,19.480833333333333,14.663838582677165
20.0,31.0,18.592243574901598,11.594975667378423
20.0,32.0,20.509953703703705,10.824622342249656
20.0,33.0,17.457337962962963,9.067909100651578
20.0,34.0,18.075671296296296,10.447826410322362
20.0,35.0,20.784699074074073,10.615139831961592
20.0,36.0,13.865894883074786,14.823944971829897
20.0,37.0,16.46337962962963,11.463247856652949
20.0,38.0,15.14410743227599,12.39510743870752
20.0,39.0,18.574375,11.322473077813802
20.0,40.0,20.75534722222222,11.203241898148148
20.0,41.0,20.889050925925925,10.211050261488339
20.0,42.0,20.003009259259258,11.732261874142662
20.0,43.0,17.341097476267652,12.115398476156175
20.0,44.0,19.788634259259258,11.828802662037038
20.0,45.0,22.37298611111111,11.566516846707819
20.0,46.0,18.496898148148148,11.485608624828533
20.0,47.0,19.642546296296295,10.200091906721536
20.0,48.0,19.849652777777777,9.263824909979425
20.0,49.0,17.4512962962963,12.410544067215362
20.0,50.0,21.573935185185185,11.009254501028806
20.0,51.0,18.799398148148146,9.697437406721217
20.0,52.0,19.845949074074078,13.320220657578878
20.0,53.0,19.608148148148146,11.995181069958846
20.0,54.0,16.119768518518516,7.8127887945816195
20.0,55.0,17.74208333333333,11.142212577160494
20.0,56.0,20.05027777777778,12.485506172839507
20.0,57.0,16.305209539245197,9.75008809052164
20.0,58.0,19.398564814814815,9.109935742455418
20.0,59.0,19.734220884463998,12.855284713110889
20.0,60.0,20.717430555555552,10.468355774176954
20.0,61.0,18.562291666666663,12.083789158950616
20.0,62.0,18.916249999999998,10.171479166666666
20.0,63.0,21.194097222222222,9.213574459876542
20.0,64.0,22.127893518518523,11.765680727023321
20.0,65.0,19.069722222222225,8.790198559670785
20.0,66.0,19.59449074074074,10.368682741769545
20.0,67.0,21.068703703703704,9.84780692729767
20.0,68.0,18.628935185185185,10.53709962277092
20.0,69.0,15.552407407407406,11.066756515775035
20.0,70.0,18.597893518518518,11.555406400034293
20.0,71.0,19.75224537037037,12.738190136316872
20.0,72.0,20.187867561935633,10.19862843336506
20.0,73.0,16.881481481481483,11.002961248285324
20.0,74.0,16.90875,10.963503472222223
20.0,75.0,17.195415605464227,11.660170467700857
20.0,76.0,19.86872685185185,9.472957818930041
20.0,77.0,18.519675925925927,9.832104981138546
20.0,78.0,18.604861111111113,9.65565200617284
20.0,79.0,19.28645519796249,10.860617330400556
20.0,80.0,19.580578703703704,11.459527563443073
20.0,81.0,17.778958333333335,12.228890625
20.0,82.0,19.69215277777778,10.77220273919753
20.0,83.0,19.233472222222222,12.704373456790124
20.0,84.0,16.570671296296297,11.491751393175582
20.0,85.0,18.480324074074073,8.37974579903978
20.0,86.0,18.66078703703704,11.435401406035664
20.0,87.0,17.527268518518515,12.58688558813443
20.0,88.0,20.14395833333333,12.101722993827163
20.0,89.0,18.911944444444448,10.967922839506173
20.0,90.0,21.264953703703704,11.22853215020576
20.0,91.0,15.027807362815466,8.902359878401207
20.0,92.0,21.387314814814815,14.204085390946505
20.0,93.0,19.512453703703706,11.28899369855967
20.0,94.0,19.43085648148148,11.169677104766803
20.0,95.0,17.67222222222222,13.468621399176955
20.0,96.0,15.399652777777778,13.3505701263445
20.0,97.0,19.044189814814818,14.388099429869683
20.0,98.0,17.676388888888887,12.506030092592594
20.0,99.0,16.408310185185183,9.924898062414268
30.0,0.0,17.629938271604942,9.24906921582076
30.0,1.0,18.81533950617284,12.846934242112484
30.0,2.0,17.166543209876544,12.716863740283493
30.0,3.0,15.495802469135803,12.086433584819385
30.0,4.0,18.467777777777776,12.677751531058616
30.0,5.0,20.181373456790123,13.086447945244627
30.0,6.0,15.36327160493827,12.763645404663922
30.0,7.0,20.27913580246914,16.702454783021402
30.0,8.0,17.389953703703704,12.105535150891633
30.0,9.0,19.016033950617285,11.297925311499771
30.0,10.0,19.104305555555555,11.086420910493826
30.0,11.0,22.23844135802469,13.238886716963878
30.0,12.0,19.557323661058806,10.2993736959293
30.0,13.0,17.15543209876543,9.147913465935071
30.0,14.0,19.817283950617284,9.236515775034295
30.0,15.0,13.841503318413336,16.795421482796268
30.0,16.0,16.902237654320988,9.86687800068587
30.0,17.0,16.234336419753088,11.684993927183358
30.0,18.0,15.375123456790124,11.667478337905807
30.0,19.0,17.542546296296297,9.509977794924554
30.0,20.0,17.073796296296297,11.900272719478737
30.0,21.0,21.49276234567901,12.88179482453132
30.0,22.0,18.06807098765432,11.6946807413123
30.0,23.0,19.98373205741627,10.076547492468544
30.0,24.0,19.58467592592592,11.45979942558299
30.0,25.0,16.92895061728395,12.925221079103796
30.0,26.0,17.013595679012347,12.255246799268406
30.0,27.0,18.04780864197531,9.595120456104253
30.0,28.0,17.850324074074074,10.351822659465022
30.0,29.0,16.825030864197533,10.89460811042524
30.0,30.0,18.39856481481481,14.495583667850342
30.0,31.0,18.075845037814478,11.688936821525957
30.0,32.0,21.18694444444445,10.804905606995886
30.0,33.0,17.58672839506173,9.098462219935987
30.0,34.0,17.387746913580248,10.428232138774577
30.0,35.0,19.577145061728395,10.438813700274348
30.0,36.0,16.114894273807685,14.018043522377138
30.0,37.0,19.93671296296296,11.996322445130314
30.0,38.0,18.58539898132428,12.144142064390365
30.0,39.0,18.535015432098763,11.326684314583225
30.0,40.0,18.991003086419752,10.88402356252858
30.0,41.0,22.85570987654321,10.645015860768176
30.0,42.0,19.820956790123457,11.773328360768176
30.0,43.0,18.365071770334925,12.270289739500265
30.0,44.0,18.587145061728396,11.885382130201188
30.0,45.0,22.236790123456792,11.550356995884774
30.0,46.0,17.243348765432103,11.448037294238684
30.0,47.0,18.915648148148147,9.933025977366254
30.0,48.0,19.338796296296298,9.174197530864198
30.0,49.0,18.110401234567902,12.435826731824417
30.0,50.0,18.417175925925925,10.195718192729768
30.0,51.0,17.449583333333333,9.189879766867376
30.0,52.0,18.422978395061726,13.15075252914952
30.0,53.0,18.529166666666665,11.873132716049383
30.0,54.0,20.47345269331687,9.434130888683097
30.0,55.0,17.359706790123457,11.188156478623686
30.0,56.0,20.072145061728396,12.492552297668041
30.0,57.0,15.395292483407932,9.539103142345926
30.0,58.0,19.643611111111113,9.091601080246912
30.0,59.0,19.045084117919433,12.72720437967679
30.0,60.0,19.582870370370372,10.378218878600823
30.0,61.0,19.42479938271605,12.177034364997715
30.0,62.0,18.5254012345679,10.172495541838137
30.0,63.0,20.69385802469136,9.19058070416095
30.0,64.0,20.535864197530866,11.733152263374485
30.0,65.0,19.208087667849977,8.848897492182722
30.0,66.0,18.722932098765433,10.198191272290808
30.0,67.0,20.93913580246913,9.767595907636029
30.0,68.0,20.155987654320988,11.301974737082764
30.0,69.0,15.858734567901235,11.062628572245085
30.0,70.0,18.98345679012346,11.574081618655692
30.0,71.0,19.015185185185185,12.686113168724281
30.0,72.0,17.823367803673406,9.253505827945558
30.0,73.0,18.734135802469137,11.695742112482854
30.0,74.0,17.761521839790092,11.086040877078654
30.0,75.0,18.286757215619694,11.746721766333396
30.0,76.0,19.136481481481482,9.327217592592593
30.0,77.0,19.485308641975312,9.957221650663008
30.0,78.0,17.041836419753086,9.69055747027892
30.0,79.0,18.55699953696558,10.879576873717367
30.0,80.0,21.236404320987656,12.308292352537723
30.0,81.0,17.82503086419753,12.236324502743484
30.0,82.0,18.249475308641976,10.66585728166438
30.0,83.0,18.60972222222222,12.821268004115225
30.0,84.0,18.020077160493827,11.794592792638317
30.0,85.0,17.82466049382716,8.13605952789209
30.0,86.0,18.437453703703707,11.42235853909465
30.0,87.0,18.58868827160494,12.59958104709648
30.0,88.0,17.206712962962964,12.52862289951989
30.0,89.0,19.89523148148148,10.984523533950618
30.0,90.0,20.83685185185185,11.016488683127573
30.0,91.0,16.991186911560426,8.953105503249816
30.0,92.0,19.07030864197531,12.672517832647463
30.0,93.0,19.975632716049383,11.286088548811158
30.0,94.0,17.84913580246914,10.880523319615913
30.0,95.0,17.45776234567901,13.446314243255602
30.0,96.0,18.193287037037038,12.47529066525998
30.0,97.0,20.730138888888888,14.301895576131686
30.0,98.0,17.882901234567903,12.526344478737997
30.0,99.0,16.931635802469135,9.791012088477366
50.0,0.0,17.223435185185185,9.162137842935529
50.0,1.0,17.976840448189648,12.744268343605205
50.0,2.0,16.23514814814815,13.056804320987654
50.0,3.0,17.044055555555556,12.380605658436213
50.0,4.0,18.31413888888889,12.701544786681078
50.0,5.0,18.045675925925927,13.103774759945132
50.0,6.0,15.70549074074074,12.72905967935528
50.0,7.0,19.28051851851852,16.63816214639837
50.0,8.0,17.84549074074074,12.03729712791495
50.0,9.0,20.079944444444443,11.594900102880658
50.0,10.0,18.66312037037037,11.0269861196845
50.0,11.0,19.834777777777777,11.773014506172839
50.0,12.0,18.84766182053894,10.15173859976747
50.0,13.0,17.03736111111111,9.184383359053498
50.0,14.0,18.449208260024076,8.905713217616173
50.0,15.0,15.458542457634968,16.011098202679946
50.0,16.0,18.43863888888889,10.062622479423869
50.0,17.0,18.160944444444443,11.64855787037037
50.0,18.0,16.091435185185187,11.688500300068588
50.0,19.0,17.57489814814815,9.517107184499316
50.0,20.0,18.240916666666667,11.595507407407409
50.0,21.0,20.57138623946662,12.47067633577183
50.0,22.0,18.324,11.62582222222222
50.0,23.0,18.99088804518937,9.980781425234847
50.0,24.0,19.11638888888889,11.554487139917697
50.0,25.0,17.70812962962963,12.780735922496573
50.0,26.0,17.543462962962963,12.332646587791496
50.0,27.0,19.542064814814815,9.508321562071332
50.0,28.0,19.13837037037037,10.451344581618656
50.0,29.0,16.540537037037037,10.880736831275721
50.0,30.0,18.98517592592593,14.58215080284082
50.0,31.0,18.08667469210112,11.686881192703026
50.0,32.0,19.007778498009074,10.953910405798892
50.0,33.0,19.179296296296297,9.533857235939644
50.0,34.0,17.809194444444447,10.438054989711933
50.0,35.0,19.05824074074074,10.39527109053498
50.0,36.0,16.40791739975924,13.92398163581676
50.0,37.0,18.911620370370372,11.783946716392316
50.0,38.0,18.349476803407722,12.150942881371046
50.0,39.0,18.26371296296296,11.358136204175457
50.0,40.0,18.838101851851853,10.863896347736624
50.0,41.0,20.934185185185186,10.217311248285323
50.0,42.0,19.36664505972775,11.883199846179172
50.0,43.0,18.036373738309102,12.216112757354077
50.0,44.0,18.259496249652745,11.908372980351405
50.0,45.0,19.590851851851852,11.385938340192045
50.0,46.0,17.830981481481484,11.461039248971193
50.0,47.0,19.208990740740738,10.03697533436214
50.0,48.0,19.696824074074076,9.236243887174213
50.0,49.0,18.66938888888889,12.470011419753087
50.0,50.0,17.041481481481483,9.961147462277092
50.0,51.0,17.422027777777778,9.180703090422519
50.0,52.0,18.372240740740743,13.145871107681756
50.0,53.0,18.379462962962965,11.861014283264746
50.0,54.0,19.208408185943142,8.851613879714513
50.0,55.0,17.34862962962963,11.189520610425241
50.0,56.0,18.460250000000002,12.010021990740741
50.0,57.0,16.875460690804704,9.909558223841028
50.0,58.0,18.080824074074076,9.277330958504802
50.0,59.0,18.226845078247987,12.60058375175342
50.0,60.0,19.038324074074076,10.358961256858711
50.0,61.0,20.215527777777776,12.288366949588479
50.0,62.0,18.96237962962963,10.171735442386833
50.0,63.0,18.388045189369382,9.28083819918168
50.0,64.0,20.293425925925927,11.737988425925925
50.0,65.0,19.095842207611817,8.80113025725976
50.0,66.0,18.40475,10.14653912037037
50.0,67.0,19.844074074074076,9.121737654320988
50.0,68.0,18.99237962962963,10.708830932784636
50.0,69.0,18.183314814814814,11.14536898148148
50.0,70.0,19.191443652190017,11.588186260387621
50.0,71.0,19.720055555555557,12.735597067901235
50.0,72.0,18.798055375497732,9.612017933759299
50.0,73.0,18.166987684044816,11.47140451533578
50.0,74.0,18.49422168719326,11.210010807756548
50.0,75.0,18.275201407537736,11.745598284992095
50.0,76.0,18.121194444444445,9.181218672839506
50.0,77.0,18.56336697842393,9.836676359779542
50.0,78.0,17.307259259259258,9.671891358024691
50.0,79.0,19.3754606908047,10.859578214546616
50.0,80.0,18.74471296296296,11.07033273319616
50.0,81.0,18.345324074074075,12.325363768861456
50.0,82.0,18.791101851851852,10.69580705589849
50.0,83.0,19.169287037037037,12.71581259430727
50.0,84.0,16.876194444444447,11.546332304526748
50.0,85.0,18.536787037037037,8.401905615569273
50.0,86.0,17.635095842207615,11.387030795032462
50.0,87.0,18.151601851851854,12.588127066186559
50.0,88.0,18.802990740740743,12.244630915637861
50.0,89.0,18.330203703703706,10.98704499314129
50.0,90.0,20.280870370370373,10.752888048696846
50.0,91.0,16.096240392628946,8.900234606770859
50.0,92.0,19.554255023613297,12.979809700315188
50.0,93.0,18.79538888888889,11.313092386831276
50.0,94.0,17.859953703703702,10.882085905349793
50.0,95.0,17.72599074074074,13.474271244855968
50.0,96.0,17.7085,12.605670449282075
50.0,97.0,20.252403000277805,14.31665468424717
50.0,98.0,18.13588888888889,12.554411419753086
50.0,99.0,17.903925925925925,9.576882784636489
75.0,0.0,17.837064016297305,9.297441337256759
75.0,1.0,19.045218840669175,12.881088381655932
75.0,2.0,16.417493827160495,12.987590283493368
75.0,3.0,17.46411111111111,12.465513374485598
75.0,4.0,18.639135802469134,12.651995894304061
75.0,5.0,17.400203716278785,13.16192237518091
75.0,6.0,17.70143827160494,12.637728818015548
75.0,7.0,18.22256172839506,16.571839143064633
75.0,8.0,18.1583024691358,11.995389689071787
75.0,9.0,19.751997036854124,11.498260257834845
75.0,10.0,18.3002037037037,10.987844821673526
75.0,11.0,20.33454938271605,12.066043569958849
75.0,12.0,18.500395086116427,10.091962898372785
75.0,13.0,17.94817901234568,8.922843335619568
75.0,14.0,19.0108525217606,9.029702079232143
75.0,15.0,17.132785974442868,15.261978988757882
75.0,16.0,17.931119204889193,9.983910626627617
75.0,17.0,18.854487654320984,11.686451840420668
75.0,18.0,17.076425925925925,11.751690260631001
75.0,19.0,18.38138156676338,9.707816334684583
75.0,20.0,18.22258641975309,11.599988134430728
75.0,21.0,18.885141058090007,11.830062083736307
75.0,22.0,18.191604420025932,11.661336216455975
75.0,23.0,19.395839249336376,10.013708082117551
75.0,24.0,18.090382716049383,11.794532178783724
75.0,25.0,18.233086419753086,12.701037837219937
75.0,26.0,18.44982406321378,12.484921611530662
75.0,27.0,18.93691975308642,9.526304309556469
75.0,28.0,18.098901166738685,10.365675624695625
75.0,29.0,16.9104012345679,10.899123399634203
75.0,30.0,18.899685185185188,14.568965167344277
75.0,31.0,17.523952095808383,11.797928587269904
75.0,32.0,19.663115007099208,10.883066915996187
75.0,33.0,19.21201851851852,9.54440414951989
75.0,34.0,18.3714012345679,10.46188340192044
75.0,35.0,18.737067901234568,10.374211305441245
75.0,36.0,17.12768072103216,13.705362310887962
75.0,37.0,19.100666666666665,11.819345061728395
75.0,38.0,19.568454842891537,12.13346725506604
75.0,39.0,17.800148148148146,11.419200658741186
75.0,40.0,18.747635802469134,10.85257922382259
75.0,41.0,20.793962590283353,10.198487812462133
75.0,42.0,18.253953947774555,12.182750298372328
75.0,43.0,17.80438915982468,12.179197212676595
75.0,44.0,17.474918204827457,11.980842118740757
75.0,45.0,18.032450617283953,11.424106864426156
75.0,46.0,17.695203703703708,11.45739341563786
75.0,47.0,18.56687037037037,9.81710267489712
75.0,48.0,18.664456790123456,9.071148891175124
75.0,49.0,18.67413420581517,12.47035413708665
75.0,50.0,17.90367283950617,10.097168438500228
75.0,51.0,17.94929012345679,9.366318382996244
75.0,52.0,17.734623456790125,13.086656692958393
75.0,53.0,18.410172839506174,11.86341207133059
75.0,54.0,18.84812025433669,8.699870142304167
75.0,55.0,17.612129629629628,11.15733487654321
75.0,56.0,17.30088888888889,11.716822839506174
75.0,57.0,17.970708068399283,10.253917274271616
75.0,58.0,17.39956170133959,9.395731343727206
75.0,59.0,17.35031174763874,12.491144306461534
75.0,60.0,18.020371627878266,10.364017454781157
75.0,61.0,19.956253086419753,12.249016655235483
75.0,62.0,19.214476202234707,10.174407936703911
75.0,63.0,18.292906969566026,9.290146856916179
75.0,64.0,18.38894444444444,11.865390174897119
75.0,65.0,19.211426631273532,8.850353651231329
75.0,66.0,19.393080246913577,10.325852532007316
75.0,67.0,19.12832716049383,8.737769941700963
75.0,68.0,19.29570987654321,10.857327189071789
75.0,69.0,18.112123456790126,11.14002962962963
75.0,70.0,18.432952651398235,11.551163674941069
75.0,71.0,18.6214457682573,12.663301204006647
75.0,72.0,19.00238903636027,9.692340079291588
75.0,73.0,18.931995802210015,11.776563085169869
75.0,74.0,18.295123155750357,11.174298987934783
75.0,75.0,18.852157540588923,11.806872083439078
75.0,76.0,16.822604938271606,9.097820336076817
75.0,77.0,19.348675844187913,9.937027277060999
75.0,78.0,17.43377160493827,9.66469909122085
75.0,79.0,18.03515031792086,10.911461644294459
75.0,80.0,18.810166666666667,11.100029320987653
75.0,81.0,18.781469135802467,12.40756616369456
75.0,82.0,17.780024691358026,10.648380315500686
75.0,83.0,19.1215,12.724352314814814
75.0,84.0,18.41946913580247,11.894309270690444
75.0,85.0,18.486858024691358,8.38227467992684
75.0,86.0,18.603259460460524,11.43177929936233
75.0,87.0,18.726086419753084,12.605700457247371
75.0,88.0,17.82674691358025,12.404223239597624
75.0,89.0,17.622796296296297,11.035566255144033
75.0,90.0,19.320316068893145,10.331976336559414
75.0,91.0,17.36455954071239,8.991388020065253
75.0,92.0,18.4034631767393,12.258845381973737
75.0,93.0,19.086382716049386,11.29998661408322
75.0,94.0,17.36304938271605,10.81918942615455
75.0,95.0,17.66335185185185,13.467693295610426
75.0,96.0,17.8445987654321,12.568245544061893
75.0,97.0,18.75959627137477,14.408779905824092
75.0,98.0,17.97891358024691,12.536723891175127
75.0,99.0,18.30946296296296,9.502745919067218
100.0,0.0,18.404115931293116,9.441402036788396
100.0,1.0,18.994958099912033,12.873553938968369
100.0,2.0,16.689287037037037,12.886447925240054
100.0,3.0,18.243733506180842,12.634886335186986
100.0,4.0,18.24046296296296,12.713486138987527
100.0,5.0,17.748039261076904,13.126114737822226
100.0,6.0,17.138011019028657,12.646468232839998
100.0,7.0,17.896287037037034,16.551739775787834
100.0,8.0,18.47349537037037,11.956847779492454
100.0,9.0,19.20954210843095,11.34778487901532
100.0,10.0,18.106296296296296,10.969697530864199
100.0,11.0,19.34098148148148,11.49100896776406
100.0,12.0,19.043464975230336,10.189029171017863
100.0,13.0,17.877407407407407,8.941647462277091
100.0,14.0,18.678272142228803,8.954334134124865
100.0,15.0,18.005768785591926,14.894619128886282
100.0,16.0,18.33465438214732,10.045583206012624
100.0,17.0,18.248967592592592,11.652361522633745
100.0,18.0,16.836087962962964,11.733069315843622
100.0,19.0,18.498731422751053,9.73759364931161
100.0,20.0,18.262350108801332,11.590268121552267
100.0,21.0,18.73021899161998,11.777324213826772
100.0,22.0,17.76982730681976,11.777048290130029
100.0,23.0,18.972332052409836,9.979544359049545
100.0,24.0,18.436747071623685,11.708918989305062
100.0,25.0,17.810064814814815,12.763915663580246
100.0,26.0,18.16616510023612,12.434543248744369
100.0,27.0,18.817319444444443,9.532956957304528
100.0,28.0,18.108125376174822,10.366252338499896
100.0,29.0,18.483675925925922,11.040721201989024
100.0,30.0,18.200763888888886,14.467823741701404
100.0,31.0,17.369220797259135,11.831989413947488
100.0,32.0,18.512792258900873,11.01850215759303
100.0,33.0,18.742555555555555,9.399851954732512
100.0,34.0,17.872773148148145,10.440292018175585
100.0,35.0,18.80963888888889,10.378448816872426
100.0,36.0,17.41774619195333,13.622052246931869
100.0,37.0,19.110791666666664,11.821351311728396
100.0,38.0,19.858136950784758,12.133864104219503
100.0,39.0,17.808328703703705,11.418029842777004
100.0,40.0,18.535319444444447,10.827647196502058
100.0,41.0,19.5039029584703,10.082499121187023
100.0,42.0,17.91362563081624,12.282675739017408
100.0,43.0,18.287999444418723,12.257444351847566
100.0,44.0,18.108722626047502,11.920408455123951
100.0,45.0,18.860537037037037,11.393182013031549
100.0,46.0,18.15884722222222,11.471956237139919
100.0,47.0,18.400499999999997,9.76404722222222
100.0,48.0,17.797393518518515,8.958185026577503
100.0,49.0,18.014065465993795,12.431060620090436
100.0,50.0,19.13802777777778,10.345426363168725
100.0,51.0,18.43972222222222,9.553175724357983
100.0,52.0,17.496805555555557,13.066695987654322
100.0,53.0,18.640819444444443,11.882832857510287
100.0,54.0,19.333885828047595,8.905532112683545
100.0,55.0,16.981383397379506,11.238094898512106
100.0,56.0,18.182717592592592,11.93515987654321
100.0,57.0,19.273484883559423,10.708649002954527
100.0,58.0,17.631311634797907,9.353322376035928
100.0,59.0,17.33456641511181,12.489467720127648
100.0,60.0,17.836756331311637,10.370107873221153
100.0,61.0,19.17323611111111,12.14683125
100.0,62.0,18.497273021899165,10.172818177453346
100.0,63.0,18.660266679012917,9.255410986534011
100.0,64.0,18.28072222222222,11.877056635802468
100.0,65.0,17.864040001851937,8.324524926565529
100.0,66.0,18.861361111111112,10.222442721193417
100.0,67.0,19.032555555555557,8.688084362139918
100.0,68.0,18.70063425925926,10.57029540037723
100.0,69.0,18.124565952127412,11.140962816779929
100.0,70.0,18.527325339136073,11.553511513736064
100.0,71.0,18.48529098569378,12.655969330713186
100.0,72.0,19.767188295754433,10.009550407854958
100.0,73.0,18.80687994814575,11.725269386185575
100.0,74.0,18.523700171304224,11.21540984622059
100.0,75.0,18.269331913514513,11.745027639739837
100.0,76.0,17.581291666666665,9.13458013117284
100.0,77.0,18.729209685633595,9.854788889832005
100.0,78.0,17.879023148148146,9.648254308127573
100.0,79.0,17.89350895874809,10.921742838317275
100.0,80.0,18.65791203703704,11.030989801954734
100.0,81.0,18.81112088522617,12.413396989401088
100.0,82.0,17.181185185185186,10.640381824417009
100.0,83.0,19.213699074074075,12.707888683127571
100.0,84.0,18.13263425925926,11.822140046296298
100.0,85.0,18.39151388888889,8.345451543209878
100.0,86.0,18.524644659474976,11.42724811934023
100.0,87.0,18.791333333333334,12.608841975308643
100.0,88.0,17.950696791518126,12.381958168931003
100.0,89.0,18.254581230612526,10.991092321660982
100.0,90.0,18.219565720635217,9.894885452087117
100.0,91.0,17.98810593083013,9.077805955522631
100.0,92.0,18.5662947358674,12.359107406807242
100.0,93.0,19.412930555555555,11.290617824074074
100.0,94.0,17.706657715634986,10.860461719764118
100.0,95.0,17.188078151766284,13.418865150221288
100.0,96.0,17.809416666666664,12.57787621584067
100.0,97.0,18.396527617019306,14.43653936524839
100.0,98.0,17.67575350710681,12.505971849262567
100.0,99.0,18.526371591277375,9.467937329488848
150.0,0.0,18.49461711781228,9.466122268291317
150.0,1.0,18.277459180838914,12.778342459986764
150.0,2.0,17.97418747492207,12.453245667733228
150.0,3.0,18.442025988456432,12.679502143698995
150.0,4.0,18.066253086419753,12.742621632671733
150.0,5.0,18.098024630389826,13.100672614495418
150.0,6.0,18.176863483440847,12.641676302023496
150.0,7.0,18.13612037037037,16.566514131199288
150.0,8.0,18.04743356276428,12.00964299452544
150.0,9.0,18.363647026142782,11.136766005295087
150.0,10.0,18.254643661841413,10.983498423305248
150.0,11.0,18.721374116485077,11.148369772786769
150.0,12.0,18.33937467205778,10.067007473653165
150.0,13.0,18.087107626778604,8.886375601155958
150.0,14.0,18.441269792277538,8.904044669302777
150.0,15.0,17.72513966480447,15.010635992137388
150.0,16.0,18.336482607487884,10.045877753428602
150.0,17.0,18.194169573134975,11.649942250732476
150.0,18.0,18.396083212444832,11.899259936577833
150.0,19.0,18.422655020216673,9.718222343110726
150.0,20.0,18.064520509892283,11.63891020727663
150.0,21.0,18.55833822031544,11.719376642568987
150.0,22.0,18.034794283774193,11.703708587827926
150.0,23.0,18.267208864471122,9.945230608397836
150.0,24.0,18.110571313929444,11.789420928343695
150.0,25.0,18.014728849655853,12.732507511948814
150.0,26.0,18.304444581622892,12.458580271681912
150.0,27.0,18.22330318837001,9.57843786473748
150.0,28.0,18.303827278619714,10.37927915870746
150.0,29.0,18.30066977375845,11.018736167840112
150.0,30.0,18.210305555555554,14.469162845453141
150.0,31.0,17.97402080311121,11.708264569779816
150.0,32.0,18.04726071792339,11.085662664771318
150.0,33.0,18.540566066853913,9.34185273350915
150.0,34.0,18.289663261211768,10.457418971836123
150.0,35.0,18.309423130343532,10.353653492105952
150.0,36.0,17.879548751504675,13.494858148914062
150.0,37.0,18.429395969011384,11.703840106233272
150.0,38.0,18.238550572548537,12.154822201016723
150.0,39.0,18.11830864197531,11.376210448367157
150.0,40.0,18.2963301336461,10.801822531388144
150.0,41.0,18.280610512670147,10.096406004757807
150.0,42.0,17.985709435476405,12.261317574673658
150.0,43.0,18.36123645791537,12.269650520763673
150.0,44.0,18.132105929195344,11.918524800148152
150.0,45.0,18.01892651007747,11.424845681393913
150.0,46.0,18.2364856940029,11.474971189668635
150.0,47.0,18.564822988363836,9.816442962917234
150.0,48.0,18.380048766937254,9.031275246549676
150.0,49.0,18.182255625173617,12.439619046884165
150.0,50.0,18.43273249174357,10.198800697438077
150.0,51.0,18.55129012345679,9.596872577610807
150.0,52.0,18.16744035309732,13.126461959274005
150.0,53.0,18.273276952992376,11.852853691757748
150.0,54.0,18.544362480323464,8.577719575535593
150.0,55.0,18.2090681811167,11.091092319093068
150.0,56.0,18.38601191394796,11.989795802739682
150.0,57.0,18.505203864316798,10.433756160169551
150.0,58.0,18.209645359424673,9.257256899790002
150.0,59.0,18.163072934349827,12.591676796437476
150.0,60.0,18.240914843050714,10.358341628342439
150.0,61.0,18.234161548195928,12.056650855421921
150.0,62.0,18.28811074415877,10.176626553402995
150.0,63.0,18.15625790919473,9.305016445695056
150.0,64.0,18.083459366029814,11.90018474649995
150.0,65.0,18.614299824068645,8.60482039340492
150.0,66.0,18.39923454427606,10.145667257391347
150.0,67.0,18.59277446834779,8.467387825184364
150.0,68.0,18.573113367696536,10.511305978808215
150.0,69.0,18.250507731720113,11.150548749504155
150.0,70.0,18.22013951047872,11.547723772338651
150.0,71.0,18.175113429426833,12.640074590779552
150.0,72.0,18.583965554492423,9.52931291317862
150.0,73.0,18.467187258866016,11.588522763905608
150.0,74.0,18.336806691564554,11.181648220452622
150.0,75.0,18.34899225284731,11.752772394952748
150.0,76.0,18.345519923454425,9.206809397980962
150.0,77.0,18.38485138430198,9.818680133303154
150.0,78.0,18.18931139849995,9.647318335728238
150.0,79.0,18.159097503009352,10.902848874793806
150.0,80.0,18.545560048149632,10.980169725460204
150.0,81.0,18.39654618969721,12.334564778519683
150.0,82.0,18.274360319762955,10.66691719880472
150.0,83.0,17.942609339794437,12.966319900991458
150.0,84.0,18.330791073798576,11.871857373284271
150.0,85.0,18.515293681903767,8.39340777978973
150.0,86.0,18.104950770085495,11.405141193772556
150.0,87.0,18.181990184882252,12.588605401058333
150.0,88.0,18.0320195067749,12.367468790474785
150.0,89.0,18.238399333312756,10.991976332717172
150.0,90.0,18.55585048921263,10.023236578232297
150.0,91.0,18.409855242445754,9.152268417063627
150.0,92.0,18.734868360134573,12.463094504231384
150.0,93.0,18.118846260687057,11.347529196145745
150.0,94.0,18.248732985585978,10.940588772744473
150.0,95.0,18.137985740300625,13.518513270014049
150.0,96.0,17.944916666666668,12.540909564613248
150.0,97.0,18.057143739004292,14.465760504439439
150.0,98.0,18.31868884842125,12.57535750560431
150.0,99.0,18.194357850550947,9.522633867586219
