n_train_catalysts,seed,mean_train_yield,test_mae
5.0,0.0,22.51978373125,12.500089689129627
5.0,1.0,24.427897404777774,12.656547414628703
5.0,2.0,20.594877738222216,10.030258737113066
5.0,3.0,20.14732286560185,9.995244460009904
5.0,4.0,23.286057189472217,11.812522829862553
5.0,5.0,26.567564367509256,11.424185277519694
5.0,6.0,21.34341924983333,11.069988205975463
5.0,7.0,26.38699948400926,10.134088991779656
5.0,8.0,21.989360176435184,9.846150561261702
5.0,9.0,21.152104041749997,10.79615912885625
5.0,10.0,26.495315287648147,10.545938798833898
5.0,11.0,15.46658450671296,10.61634185165089
5.0,12.0,19.212414205657403,12.743651651613991
5.0,13.0,23.00373955506481,10.07964155819032
5.0,14.0,26.409523631777773,12.142511247059051
5.0,15.0,27.203694403805553,10.978209657473611
5.0,16.0,29.36008753396296,11.824354876898834
5.0,17.0,27.34439762622222,10.931781727844958
5.0,18.0,24.41554914148148,9.033616810005487
5.0,19.0,22.25250886712037,8.652845054499528
5.0,20.0,26.991221403166666,11.338173937492748
5.0,21.0,22.00917576749074,8.966124961505145
5.0,22.0,33.6310414262037,13.922674671963991
5.0,23.0,26.9756747512037,11.316552647339249
5.0,24.0,24.540724378861107,10.611754667568313
5.0,25.0,27.404010833370364,11.284833740775685
5.0,26.0,16.109385818972218,10.258554923927752
5.0,27.0,29.610935843351843,10.8176206568792
5.0,28.0,28.187827944148147,9.734417210767148
5.0,29.0,24.544207117333332,9.292547511457718
5.0,30.0,25.76057708159259,10.784583892602333
5.0,31.0,22.10758039010185,10.149384366170576
5.0,32.0,25.56464573298148,11.94588915764465
5.0,33.0,19.61428261575926,8.711915061649828
5.0,34.0,26.449944517064814,10.866113428300883
5.0,35.0,23.30405171362037,11.368218030961874
5.0,36.0,22.333196990703698,8.165932086357511
5.0,37.0,22.142447267342593,8.495524017901337
5.0,38.0,18.411141648398146,11.053107685338846
5.0,39.0,24.326128322657407,12.124521814691178
5.0,40.0,26.101216795416665,9.106636399130016
5.0,41.0,21.85919148333333,11.705147930396604
5.0,42.0,22.13383233825,9.655757673406251
5.0,43.0,18.453916078379628,10.343173117370927
5.0,44.0,28.385552419638884,11.783169681565765
5.0,45.0,24.154585006685185,11.685877177963407
5.0,46.0,26.473251777027773,10.735824400817025
5.0,47.0,19.693718626990737,14.113868549052727
5.0,48.0,21.23288086461111,9.636291132178036
5.0,49.0,24.687438447185183,9.93885099002524
5.0,50.0,22.51211724636111,10.0672258570571
5.0,51.0,14.192232907546295,12.472128245276405
5.0,52.0,20.430123805388885,9.444896868707973
5.0,53.0,21.215972348092592,9.3917348137024
5.0,54.0,24.219662520759258,11.454204608445748
5.0,55.0,17.631802445518513,10.916316971415261
5.0,56.0,25.540514107444444,10.896213568342079
5.0,57.0,22.32463051947222,9.90847952055234
5.0,58.0,25.918804014138885,10.772092497436239
5.0,59.0,22.03025425675926,11.228106152997858
5.0,60.0,25.718423173490738,10.940731744727529
5.0,61.0,24.891902006425923,10.874269732392575
5.0,62.0,25.231533120638886,11.486141399857331
5.0,63.0,22.334341336277774,12.217064044346195
5.0,64.0,18.221469970583332,10.706198333321218
5.0,65.0,27.4383361299537,10.382978370170653
5.0,66.0,18.34324368962037,13.354161117207116
5.0,67.0,24.33197765885185,9.879853793772567
5.0,68.0,21.898555640768514,9.833560195214385
5.0,69.0,16.689704561416665,11.089681315406867
5.0,70.0,17.839327486953703,12.86481123503839
5.0,71.0,24.832504733138887,11.51764453721978
5.0,72.0,18.31418034449074,11.023614282070687
5.0,73.0,17.353993475870368,13.92411524212296
5.0,74.0,23.526152698129632,10.475742209498508
5.0,75.0,24.15843879200926,10.444935298252025
5.0,76.0,21.869922196370368,12.228805441870266
5.0,77.0,18.48141183907407,10.495048590807786
5.0,78.0,22.079747117648143,11.554161779755642
5.0,79.0,28.592650631499996,12.351861230377777
5.0,80.0,22.77730087199074,8.93927372746365
5.0,81.0,16.23442159848148,14.256531829789813
5.0,82.0,27.01194724750926,10.562910179164087
5.0,83.0,32.68969392015741,12.007354135271873
5.0,84.0,17.276544658166664,10.401241442143055
5.0,85.0,22.72753315811111,9.600447233652059
5.0,86.0,18.7820477979537,9.581557336641195
5.0,87.0,20.631831859398147,8.697220487669625
5.0,88.0,25.994622448268515,10.349303915755204
5.0,89.0,24.517800370314813,11.062001742777007
5.0,90.0,22.6526214414537,11.09765808862584
5.0,91.0,23.409679133907407,9.789717362485442
5.0,92.0,21.869886366620367,9.157551197426397
5.0,93.0,22.938611437388886,10.395000119480557
5.0,94.0,21.056147718148146,12.06083671851303
5.0,95.0,21.459149399046293,8.984977414124117
5.0,96.0,25.185708053814814,10.942623669224863
5.0,97.0,29.269113215731483,11.972367727143622
5.0,98.0,21.254018794546294,10.501602619885537
5.0,99.0,18.5184209817037,12.08970662552092
10.0,0.0,24.060473458819445,12.045508124972221
10.0,1.0,22.515973369398147,12.334913271672326
10.0,2.0,22.575414588259257,10.036335449747291
10.0,3.0,19.640514802611108,10.079917727370937
10.0,4.0,24.701837956884255,11.401709128174666
10.0,5.0,25.641159317736108,11.09746213973655
10.0,6.0,24.31868954557407,11.341447735965742
10.0,7.0,26.032663840666665,10.137386916394446
10.0,8.0,18.808610633875,11.478034074826041
10.0,9.0,21.056422235648142,10.819530745849026
10.0,10.0,26.98128363977315,10.561175677424682
10.0,11.0,22.06039750336574,9.92281088342533
10.0,12.0,20.53792813364352,12.234759432244543
10.0,13.0,26.08527258871759,11.227773353961142
10.0,14.0,25.027663123157406,11.707688652512536
10.0,15.0,28.488153141171292,11.219963270085655
10.0,16.0,28.898397650337962,11.608548887905213
10.0,17.0,27.561953996583327,11.005421207624305
10.0,18.0,23.15121753359722,9.179733502724872
10.0,19.0,21.542865320671297,8.865265670593597
10.0,20.0,25.970772828439813,11.046670275399322
10.0,21.0,22.502164415037036,8.949928246758882
10.0,22.0,27.492070785087964,11.030077563358013
10.0,23.0,22.603941198268515,11.693799405853413
10.0,24.0,22.167275570046293,10.497417426513374
10.0,25.0,25.439852447398145,10.831474348820421
10.0,26.0,19.922684933907405,9.384930935393657
10.0,27.0,22.76694091034722,11.287421887502573
10.0,28.0,26.10330944760648,8.871130907994026
10.0,29.0,25.31976563231944,9.322158148111484
10.0,30.0,22.660131217666663,10.18760526820895
10.0,31.0,21.125239465050925,10.355741473506777
10.0,32.0,21.43039934568518,12.928965141435613
10.0,33.0,19.055403205412034,8.816198552489379
10.0,34.0,23.710786421699073,11.428772127770529
10.0,35.0,21.42808922361574,11.612058904778786
10.0,36.0,21.327555190902775,8.301170667623134
10.0,37.0,23.661280938180553,8.92469325705135
10.0,38.0,24.50569512423611,10.812051593638309
10.0,39.0,25.75656774612963,12.236207859011866
10.0,40.0,25.13571097912037,8.881688933687071
10.0,41.0,23.5115496349213,11.805799884085525
10.0,42.0,22.620072811069445,9.570443949260904
10.0,43.0,20.087807619171297,10.148344683485776
10.0,44.0,26.774441247027777,11.310123384081637
10.0,45.0,25.17409152348611,11.319913528797995
10.0,46.0,22.134339096833333,10.743963991272684
10.0,47.0,19.861922891921292,14.030783661774029
10.0,48.0,22.858107874611107,9.587480765079322
10.0,49.0,20.68564569010648,9.591331252338845
10.0,50.0,24.765097522212958,9.93627834332969
10.0,51.0,16.608252391249998,11.133218900380786
10.0,52.0,20.62949842014815,9.362884047203396
10.0,53.0,24.3602582500787,9.125787299871536
10.0,54.0,20.880345476680553,12.779595818673803
10.0,55.0,21.00223506347685,10.510241519858136
10.0,56.0,23.736659236171295,10.380554550630368
10.0,57.0,21.118452678300923,10.302705949688931
10.0,58.0,22.258087954527774,10.722802810757896
10.0,59.0,23.012771488726848,11.334651039000535
10.0,60.0,22.444570543513887,11.670195537196335
10.0,61.0,22.56086376658796,10.157093103177491
10.0,62.0,22.8132705314537,11.759288563745764
10.0,63.0,23.72694756701389,11.84749291370589
10.0,64.0,21.70959627858796,10.26684755287082
10.0,65.0,23.744702581620366,9.659300909285921
10.0,66.0,24.023731045837962,11.748663889756108
10.0,67.0,22.77072477837037,9.802746107655006
10.0,68.0,21.226960495550923,9.839053171693502
10.0,69.0,15.595304783365739,11.544871874566173
10.0,70.0,22.326354361166665,11.315356139280711
10.0,71.0,23.445117175972218,11.169906612697531
10.0,72.0,24.977079832694443,12.109157672165509
10.0,73.0,21.238298699314814,12.104213610704816
10.0,74.0,23.541788547166664,10.476614591668671
10.0,75.0,22.825003051671295,10.335496450000244
10.0,76.0,22.822061800527774,12.050914136231484
10.0,77.0,20.72642002174074,9.693339575100172
10.0,78.0,21.25163215663426,11.62812218122395
10.0,79.0,26.254231579819443,11.98152982965257
10.0,80.0,21.792561941300928,8.744247703119601
10.0,81.0,24.451769237324072,10.819051254838127
10.0,82.0,25.710194317550922,10.009355199132333
10.0,83.0,25.870383617726848,10.124919694697375
10.0,84.0,18.952675398018517,9.99702240470744
10.0,85.0,20.551555861949076,9.255470959318888
10.0,86.0,23.76410092748148,10.354864692779389
10.0,87.0,23.537250085662034,8.94063309947976
10.0,88.0,24.24432504961111,9.676313093878603
10.0,89.0,21.03124049099537,12.075033830690543
10.0,90.0,23.481067208407403,11.02811597450432
10.0,91.0,21.04869646923148,9.836940796608566
10.0,92.0,23.443554605314816,9.901578061506706
10.0,93.0,20.870867684074074,10.425116876145061
10.0,94.0,21.098659614518517,12.047708481240605
10.0,95.0,20.553095555162038,9.002281539406036
10.0,96.0,28.968346313069443,11.976858765609697
10.0,97.0,27.214078703027777,10.965641998419366
10.0,98.0,22.25204441418981,10.539339888524562
10.0,99.0,20.260148538046295,11.336657638344702
15.0,0.0,23.440429661287034,12.216956968662844
15.0,1.0,22.286482885206787,12.302479371759437
15.0,2.0,21.60433243541358,10.006989121890038
15.0,3.0,20.211105129185185,9.985602477237963
15.0,4.0,23.951357236064812,11.610143243073688
15.0,5.0,23.36181813335802,10.47102898134656
15.0,6.0,22.728876073941358,11.158956616143263
15.0,7.0,23.424676725561724,10.38588916817391
15.0,8.0,21.315254395882715,10.150770092092696
15.0,9.0,23.689873612080245,10.321109608824823
15.0,10.0,26.352872456373454,10.544148514557284
15.0,11.0,22.57855012409877,9.968716905978946
15.0,12.0,22.322280250858018,11.660391896826065
15.0,13.0,25.100612545527774,10.813157425824409
15.0,14.0,25.684193688641972,11.902808230587219
15.0,15.0,26.92255303621296,10.938190104403592
15.0,16.0,25.268693762731477,10.30649953093287
15.0,17.0,25.288429132182095,10.385069748700309
15.0,18.0,23.920742962015428,9.078386047615066
15.0,19.0,23.409293438348758,8.384337010359728
15.0,20.0,25.141036639540125,10.853079859017807
15.0,21.0,23.030259441808642,8.954151682787238
15.0,22.0,26.70436236484259,10.832575127427255
15.0,23.0,23.084397673033944,11.60600225993582
15.0,24.0,20.721463484533945,10.562961862475317
15.0,25.0,25.248300703250003,10.800085499619446
15.0,26.0,22.419903989395056,9.279869958575228
15.0,27.0,21.61172572322839,11.612622222670666
15.0,28.0,25.465959710709875,8.677862102178013
15.0,29.0,23.244691460070985,9.331664136887998
15.0,30.0,22.67733721042592,10.189341798959653
15.0,31.0,22.461011527861103,10.085303542490047
15.0,32.0,20.39032759310185,13.261381144663838
15.0,33.0,21.794448963657405,8.46016316969676
15.0,34.0,22.45492517139506,11.807720777480498
15.0,35.0,18.845631892820986,12.149664487141381
15.0,36.0,21.13299119050926,8.335714959479295
15.0,37.0,25.21982530221913,9.519814985558847
15.0,38.0,24.976975844185183,10.862037901357134
15.0,39.0,23.325513802577163,12.088094145848936
15.0,40.0,25.10611280127469,8.876001453221168
15.0,41.0,24.090780998679012,11.862027486788671
15.0,42.0,21.343259679793206,9.8206265091858
15.0,43.0,21.468177282824072,10.111358992639875
15.0,44.0,25.917759509018516,11.12992434242745
15.0,45.0,23.228178616651228,12.065726334091508
15.0,46.0,23.373587644873453,10.648482470603783
15.0,47.0,20.28009395119444,13.828797484570423
15.0,48.0,19.86613368878395,9.799271872212312
15.0,49.0,21.38543957725926,9.584365815465363
15.0,50.0,25.41429017819444,9.955586206368956
15.0,51.0,20.07788710854938,9.833855057162209
15.0,52.0,21.49549433537963,9.02687561088823
15.0,53.0,23.555409240395058,9.135384012635345
15.0,54.0,20.856010741651232,12.791425203757504
15.0,55.0,21.82074041971913,10.50136776523429
15.0,56.0,24.421783616361108,10.547988057104114
15.0,57.0,21.759627914805552,10.084594355062835
15.0,58.0,22.226721137172834,10.724881216329985
15.0,59.0,24.400021186209873,11.558333824890273
15.0,60.0,22.28465321454938,11.718928510941536
15.0,61.0,22.03788828407407,10.033341325881345
15.0,62.0,21.448750702734564,12.018852773772892
15.0,63.0,25.631639336249997,11.472283511207175
15.0,64.0,22.078180430083332,10.250221302432099
15.0,65.0,23.563207531216047,9.643325007623234
15.0,66.0,23.265062504237655,11.895786016803045
15.0,67.0,23.44610011738271,9.822497453657478
15.0,68.0,21.61851270755247,9.834323996059894
15.0,69.0,18.382335458882714,10.497040650891774
15.0,70.0,21.50697334982716,11.54884255819553
15.0,71.0,24.0113247721358,11.302133207563077
15.0,72.0,24.513918754904317,11.975819470723422
15.0,73.0,20.442048083243826,12.429208537423927
15.0,74.0,23.15601353680864,10.461540194650418
15.0,75.0,21.970595080203697,10.301887554954542
15.0,76.0,22.302138317027776,12.143337069502984
15.0,77.0,20.882809623092587,9.648736216348182
15.0,78.0,22.90318697761728,11.506990820816439
15.0,79.0,27.91806173146605,12.212468752547112
15.0,80.0,23.225849454608024,9.04716497775277
15.0,81.0,23.609297426617285,11.048468566579217
15.0,82.0,25.53561400623456,9.945836763514173
15.0,83.0,25.67240226799074,10.119314491504415
15.0,84.0,21.588117222746913,9.672864892845963
15.0,85.0,20.73227103899074,9.274108202549941
15.0,86.0,24.073952177814814,10.44575444611238
15.0,87.0,24.339329606783945,9.095371694788323
15.0,88.0,25.642079654904318,10.196961566917937
15.0,89.0,21.291640402172835,11.983591919179515
15.0,90.0,24.691443306425928,10.993417830359105
15.0,91.0,21.32375683939506,9.817398449933847
15.0,92.0,22.649506760540124,9.506140927537968
15.0,93.0,22.269050826033947,10.374854463944759
15.0,94.0,21.42422429515741,11.949488118985913
15.0,95.0,21.400800927212963,8.98500935815126
15.0,96.0,25.212624088709873,10.94710597517387
15.0,97.0,28.08759558954938,11.361008993474103
15.0,98.0,23.295865238635802,10.627961322975526
15.0,99.0,20.294359568583335,11.32318743208526
20.0,0.0,24.412349072527775,11.953780182671268
20.0,1.0,21.062148738,12.166227584798149
20.0,2.0,22.60948663034722,10.03830724271007
20.0,3.0,21.127790492053236,9.864908019554518
20.0,4.0,25.182724702900458,11.281796923776929
20.0,5.0,24.450523438219903,10.738461540679104
20.0,6.0,24.15873614406018,11.318642714124971
20.0,7.0,22.533949944599534,10.552585084730465
20.0,8.0,20.75476953799537,10.419135384643978
20.0,9.0,23.611522538983795,10.330601145120513
20.0,10.0,25.683680038317128,10.552449373963503
20.0,11.0,22.82864391314352,9.997469861369128
20.0,12.0,23.81464786841666,11.26669691084244
20.0,13.0,25.417069035988423,10.940471718460078
20.0,14.0,26.28771601206713,12.10048184557121
20.0,15.0,25.019765319393517,10.816748934210853
20.0,16.0,22.519019743141204,9.83437140304691
20.0,17.0,26.07310157840972,10.559865710955966
20.0,18.0,22.590469123342594,9.277840959964282
20.0,19.0,22.39211264600231,8.61518299429383
20.0,20.0,23.17193664515509,10.538538337974416
20.0,21.0,22.758430644810183,8.950087925799519
20.0,22.0,25.168653025194445,10.561496079519138
20.0,23.0,23.019088401831016,11.617290728594998
20.0,24.0,21.42097605882407,10.518723140125521
20.0,25.0,23.14309380500926,10.611327465801226
20.0,26.0,22.878825508152772,9.299492479271168
20.0,27.0,22.143699816187496,11.45545200056742
20.0,28.0,24.87876363333796,8.529248684328245
20.0,29.0,23.41985034347222,9.319590943073045
20.0,30.0,22.271400971606482,10.149311741451328
20.0,31.0,23.262781030699074,9.959347188989575
20.0,32.0,21.53782479296759,12.895912839974747
20.0,33.0,20.896535321817126,8.526958893821662
20.0,34.0,23.960211033423608,11.362886315439892
20.0,35.0,18.748973491694443,12.17412119910558
20.0,36.0,21.96825081033333,8.20666518115247
20.0,37.0,25.256815410287036,9.53586091124039
20.0,38.0,24.18505566948611,10.78513795544056
20.0,39.0,23.64478735597685,12.096111351611373
20.0,40.0,24.125456665587958,8.724552935003237
20.0,41.0,24.43413339469907,11.900234392302297
20.0,42.0,21.29294952409259,9.832125257806428
20.0,43.0,22.921568849854165,10.1656938057957
20.0,44.0,26.833113184812497,11.324290232894327
20.0,45.0,23.59500849121759,11.911304612638443
20.0,46.0,24.104969787208333,10.621628274685957
20.0,47.0,21.29338713072222,13.359052513403805
20.0,48.0,21.126514648039347,9.644487253638605
20.0,49.0,23.696001962425925,9.76133495106562
20.0,50.0,24.166503709057867,9.944657301231352
20.0,51.0,21.55575280280324,9.481536771916415
20.0,52.0,21.47561843084722,9.034194136155374
20.0,53.0,23.451066149219905,9.139578074322431
20.0,54.0,21.504666145335648,12.485384841794923
20.0,55.0,21.30093551148611,10.503822858638644
20.0,56.0,25.015826655363426,10.723667280817105
20.0,57.0,21.914909969562498,10.034709679736979
20.0,58.0,23.19666516366435,10.683666423500984
20.0,59.0,24.157446128782404,11.511745445475848
20.0,60.0,23.148153107557867,11.469790380929014
20.0,61.0,24.40216187062037,10.702978162747847
20.0,62.0,23.06694599446065,11.717459497747432
20.0,63.0,25.058518907597218,11.565105077318275
20.0,64.0,23.9445877492662,10.24830401216251
20.0,65.0,23.387076364122684,9.629210294070084
20.0,66.0,21.38429575986574,12.345282329940195
20.0,67.0,24.820886270879626,9.931613485764103
20.0,68.0,22.410852906907405,9.839343193115791
20.0,69.0,20.016037144881942,10.08636021795041
20.0,70.0,22.281095977321755,11.32771971819237
20.0,71.0,24.54320163649074,11.4382648205179
20.0,72.0,24.914165925979162,12.090807782706886
20.0,73.0,20.294851898398147,12.492047206737467
20.0,74.0,23.313424834937496,10.466584870900347
20.0,75.0,22.67107284497685,10.328094578077632
20.0,76.0,22.6199747073912,12.085419257585968
20.0,77.0,21.9094879001412,9.39318003771823
20.0,78.0,21.90457414183565,11.56714199595521
20.0,79.0,25.794891972194442,11.941237071591974
20.0,80.0,23.15082543774537,9.028259575179627
20.0,81.0,23.2768754074375,11.147058313049131
20.0,82.0,24.540718790106478,9.62603719629455
20.0,83.0,25.15326975880324,10.11552725390199
20.0,84.0,21.967560939907404,9.6622370140018
20.0,85.0,21.901653682243055,9.442996696271038
20.0,86.0,24.996513509932864,10.740891429101813
20.0,87.0,23.736849341483794,8.975935955035917
20.0,88.0,24.99907923590278,9.943274565840666
20.0,89.0,22.280716749020833,11.65587781046657
20.0,90.0,24.384641430275458,10.992487733072288
20.0,91.0,21.964493163678235,9.784795849907884
20.0,92.0,22.218873345152772,9.30794964013706
20.0,93.0,23.32062492817824,10.418736309969418
20.0,94.0,21.87782209378472,11.8200848342092
20.0,95.0,21.880540918111112,8.990973026389094
20.0,96.0,23.709048953263885,10.763181860299575
20.0,97.0,27.043571202652775,10.892418442419663
20.0,98.0,22.912493789831018,10.589489644530806
20.0,99.0,21.108028197729165,11.018868629867612
30.0,0.0,22.81323386383487,12.405960172453682
30.0,1.0,22.0896466915787,12.276687516578429
30.0,2.0,22.499895097733024,10.032051129811775
30.0,3.0,21.776814376895057,9.805331173468348
30.0,4.0,23.19090589699228,11.843309769742337
30.0,5.0,25.152830665964505,10.941419733166137
30.0,6.0,24.639429707547833,11.390568187213594
30.0,7.0,21.878367840282404,10.69194896946476
30.0,8.0,21.145505141884257,10.230130788173886
30.0,9.0,23.37618281278086,10.36072982847129
30.0,10.0,24.489320952864194,10.635711742384201
30.0,11.0,22.989072250240735,10.01695031270535
30.0,12.0,22.264670442293205,11.677396200299507
30.0,13.0,23.840609521311727,10.344052274230354
30.0,14.0,23.891434715152776,11.411250953504231
30.0,15.0,22.42016966585494,10.960310985705261
30.0,16.0,24.34418111560339,10.101108557207684
30.0,17.0,23.695434896970678,10.139993725422803
30.0,18.0,22.266720367132713,9.343027889207166
30.0,19.0,23.485189048273146,8.370044202830647
30.0,20.0,23.235330088589507,10.545388957261963
30.0,21.0,22.96527630920679,8.952715690109576
30.0,22.0,24.124407683398147,10.4538453683217
30.0,23.0,21.77075645192438,11.871324369222274
30.0,24.0,21.229650836615736,10.527498297115296
30.0,25.0,23.272891513871908,10.615837811159835
30.0,26.0,24.07362374140586,9.394415956439191
30.0,27.0,21.59340938034722,11.61816800426524
30.0,28.0,25.22252373713117,8.613047901438835
30.0,29.0,22.165965165952155,9.446758530335348
30.0,30.0,23.153928088492282,10.24358937746843
30.0,31.0,23.437285702830245,9.935644737632506
30.0,32.0,21.361370766802466,12.950438295721641
30.0,33.0,22.982309452780864,8.442791968088533
30.0,34.0,22.43328951329629,11.814786357373253
30.0,35.0,21.85890188801543,11.541380914875363
30.0,36.0,21.650704503216044,8.249632489801327
30.0,37.0,24.44411858768518,9.201888116795352
30.0,38.0,23.83038994600463,10.758609110741041
30.0,39.0,23.368822380132716,12.089056558683506
30.0,40.0,23.790370129570988,8.691211698774435
30.0,41.0,24.10869955201389,11.863952072146862
30.0,42.0,21.54291014117438,9.776381713469947
30.0,43.0,23.897951612188265,10.249223861602509
30.0,44.0,25.1870554945679,11.014788596432727
30.0,45.0,21.509012322475304,12.873761471244238
30.0,46.0,24.141503562952156,10.620982869085058
30.0,47.0,21.95670174283796,13.066546881248946
30.0,48.0,21.27616466268364,9.632999865393463
30.0,49.0,24.647444701716044,9.930163797056995
30.0,50.0,23.353642916566354,9.989003640098387
30.0,51.0,23.29880668234722,9.218960668290883
30.0,52.0,23.34589457798611,8.451912959056068
30.0,53.0,22.658837716773142,9.195246919548486
30.0,54.0,21.461758997260798,12.505109982024427
30.0,55.0,21.848003397277775,10.50156252129928
30.0,56.0,24.08784166728858,10.462931024992498
30.0,57.0,22.244954172515435,9.932648254166608
30.0,58.0,22.918724845538577,10.691598231376066
30.0,59.0,23.96905747808642,11.478041912197531
30.0,60.0,22.01688706195987,11.803831418868485
30.0,61.0,22.89360889558487,10.24489845342665
30.0,62.0,23.12443650769444,11.708436456340124
30.0,63.0,24.065703064222216,11.766551403744856
30.0,64.0,21.563489539895055,10.274870278052127
30.0,65.0,23.02320915431173,9.605026687561066
30.0,66.0,21.847933109625,12.221645498054514
30.0,67.0,24.555804386512346,9.90123862260171
30.0,68.0,22.777345504054015,9.848850252568317
30.0,69.0,21.928794162864197,9.79956421164346
30.0,70.0,21.847818587060182,11.44889031654291
30.0,71.0,24.75869887583796,11.496979901530613
30.0,72.0,24.563303871447527,11.989625217628333
30.0,73.0,21.755628954331787,11.905607910506744
30.0,74.0,22.373217412305554,10.458764818160647
30.0,75.0,22.283291829186723,10.312446669577113
30.0,76.0,22.20566303129475,12.161945315355924
30.0,77.0,21.971320365023146,9.379547503407
30.0,78.0,22.55750884258333,11.524107742375154
30.0,79.0,24.327085216345676,11.86255232538531
30.0,80.0,22.771717932583332,8.938012396708642
30.0,81.0,21.443095665274694,11.77582399867787
30.0,82.0,24.93036041364815,9.744794181853447
30.0,83.0,23.603047640527777,10.21627895034169
30.0,84.0,23.270826969094134,9.680289782812432
30.0,85.0,21.637148826587957,9.398421080906708
30.0,86.0,23.70881357945216,10.339000999135433
30.0,87.0,23.78393840043827,8.98457895796542
30.0,88.0,24.220104040032407,9.668466647320658
30.0,89.0,22.0637679234429,11.724940274239284
30.0,90.0,22.40568169984259,11.122476473257501
30.0,91.0,21.720354021405857,9.795239906283436
30.0,92.0,21.778371817273143,9.118873407445884
30.0,93.0,24.037380456285494,10.488036334564262
30.0,94.0,22.27038560912963,11.716155661502624
30.0,95.0,23.486977567740738,9.125717685579733
30.0,96.0,22.75370661939352,10.701553281934048
30.0,97.0,24.577270501609565,9.996759640719299
30.0,98.0,23.145362284904323,10.611582808879144
30.0,99.0,21.78963017507253,10.796054990972872
49.0,0.0,21.975095206575016,12.682337419460664
49.0,1.0,23.245253838173657,12.447660243230152
49.0,2.0,23.102191458633783,10.072011632334819
49.0,3.0,23.061936460134163,9.7564391568466
49.0,4.0,22.010516507170255,12.261176874360247
49.0,5.0,23.412788043189714,10.482465408870464
49.0,6.0,23.226990320991117,11.2064996318537
49.0,7.0,22.458513042848637,10.568092379106254
49.0,8.0,22.10680385468443,9.79590809062544
49.0,9.0,22.84383793778722,10.44102687066456
49.0,10.0,22.720568197017194,10.895381335416403
49.0,11.0,23.341322632482044,10.062747791953543
49.0,12.0,22.17031067861489,11.705565735930705
49.0,13.0,23.69761392949263,10.296221023887371
49.0,14.0,23.5405724229639,11.3287259126806
49.0,15.0,23.018776131982236,10.902452128859798
49.0,16.0,23.359625366533443,9.941387153750014
49.0,17.0,23.023271563843537,10.082640166240205
49.0,18.0,22.56255544145975,9.283166090738733
49.0,19.0,22.56106986274093,8.57165156127773
49.0,20.0,23.124938619444443,10.533674160401235
49.0,21.0,23.14826257031368,8.957151995448239
49.0,22.0,23.226945191855627,10.402989843280116
49.0,23.0,22.391108191598637,11.735295725661944
49.0,24.0,23.009681028452377,10.507807018515763
49.0,25.0,23.044464861125284,10.608331454644453
49.0,26.0,23.245039494366022,9.32122441695656
49.0,27.0,22.3804791450085,11.389772215405092
49.0,28.0,23.29551052033541,8.249115323295596
49.0,29.0,22.757720521447464,9.37564752790618
49.0,30.0,23.222350523638507,10.252726350060055
49.0,31.0,22.852049768365454,10.020460381272871
49.0,32.0,22.2465023112226,12.691166109970572
49.0,33.0,23.150878608938964,8.448017971415391
49.0,34.0,21.96882077199452,11.973442623514904
49.0,35.0,22.730102377922336,11.425810576030997
49.0,36.0,23.11269502654856,8.116766479960836
49.0,37.0,23.857178168620557,8.990024461420614
49.0,38.0,22.877283520380765,10.716277366884565
49.0,39.0,22.845124917267572,12.085081073244561
49.0,40.0,23.111906505655703,8.647278338877578
49.0,41.0,23.156073244491687,11.775817812440534
49.0,42.0,22.809386029352797,9.54075459605258
49.0,43.0,23.04443459767101,10.174094311523449
49.0,44.0,23.08921670170446,10.83855249059217
49.0,45.0,21.73519972143235,12.758623458027868
49.0,46.0,22.804103326041194,10.682863198696023
49.0,47.0,21.774353174556875,13.145372725904982
49.0,48.0,22.96569042962963,9.590191086299212
49.0,49.0,23.32655539282218,9.712619383381972
49.0,50.0,22.916463848696146,10.024777768573422
49.0,51.0,22.617034087117347,9.302484180244377
49.0,52.0,22.575461478087675,8.665667829846438
49.0,53.0,22.79576975417517,9.182861885790146
49.0,54.0,21.859958777876038,12.328025315743186
49.0,55.0,23.03771055592026,10.560501435894427
49.0,56.0,23.385365568635674,10.303567368109285
49.0,57.0,22.43873182321995,9.874388035791311
49.0,58.0,22.955494913566703,10.690413930387715
49.0,59.0,23.32406330087679,11.375745375980694
49.0,60.0,22.321749081108276,11.70737903947207
49.0,61.0,23.703841390199358,10.475961282181101
49.0,62.0,22.3778682925822,11.836662980621275
49.0,63.0,22.161697945104873,12.267252354135982
49.0,64.0,23.117092346463526,10.232240323561541
49.0,65.0,23.139898039214852,9.612455675457644
49.0,66.0,22.1876923516421,12.136803576118705
49.0,67.0,23.031782932909106,9.808906198726264
49.0,68.0,23.13575190479875,9.863090595781417
49.0,69.0,22.851350881282123,9.731257033129388
49.0,70.0,22.52454430285147,11.261982462233638
49.0,71.0,23.36274478534486,11.151601637002562
49.0,72.0,23.457096867852417,11.703378998131823
49.0,73.0,22.1820795124537,11.75283304264802
49.0,74.0,22.946751937985635,10.457254391724787
49.0,75.0,23.347982876579746,10.36895941884948
49.0,76.0,22.304232245079362,12.142933794470826
49.0,77.0,22.498295664458617,9.270959762571355
49.0,78.0,22.700508306455024,11.516649518870347
49.0,79.0,22.943838654637183,11.833859291028784
49.0,80.0,23.524013154850717,9.124630079024593
49.0,81.0,22.07488987837018,11.543312102721398
49.0,82.0,23.635699778747163,9.390875271272497
49.0,83.0,22.660560189304608,10.352111454162072
49.0,84.0,23.18437245028439,9.676663188344918
49.0,85.0,23.554035756091267,9.79960394181676
49.0,86.0,23.56966488030801,10.299668811665404
49.0,87.0,23.311163174321617,8.902735886277478
49.0,88.0,23.73674010537415,9.518743793792801
49.0,89.0,22.088045484653247,11.717095025292608
49.0,90.0,22.75171519289021,11.088102954113248
49.0,91.0,23.161723005557445,9.780862221508789
49.0,92.0,24.270221817702193,10.348617210421887
49.0,93.0,23.1638907422893,10.407646836305789
49.0,94.0,22.354913784146824,11.694436550884701
49.0,95.0,23.433636344629626,9.11839275917181
49.0,96.0,23.278990606522107,10.729914803023778
49.0,97.0,23.47294117234316,9.704571749198355
49.0,98.0,23.49257073832483,10.651369640611623
49.0,99.0,22.30752774388416,10.64126005817214
